"Date","AlmiranteBrownCases","AlmiranteBrownDeaths","AlmiranteBrownRecoveries","AlmiranteBrownICUActive","AlmiranteBrownICUCases","AlmiranteBrownTotalTests","AlmiranteBrownPositiveTests","AvellanedaCases","AvellanedaDeaths","AvellanedaRecoveries","AvellanedaICUActive","AvellanedaICUCases","AvellanedaTotalTests","AvellanedaPositiveTests","BerazateguiCases","BerazateguiDeaths","BerazateguiRecoveries","BerazateguiICUActive","BerazateguiICUCases","BerazateguiTotalTests","BerazateguiPositiveTests","BerissoCases","BerissoDeaths","BerissoRecoveries","BerissoICUActive","BerissoICUCases","BerissoTotalTests","BerissoPositiveTests","BrandsenCases","BrandsenDeaths","BrandsenRecoveries","BrandsenICUActive","BrandsenICUCases","BrandsenTotalTests","BrandsenPositiveTests","CampanaCases","CampanaDeaths","CampanaRecoveries","CampanaICUActive","CampanaICUCases","CampanaTotalTests","CampanaPositiveTests","CanuelasCases","CanuelasDeaths","CanuelasRecoveries","CanuelasICUActive","CanuelasICUCases","CanuelasTotalTests","CanuelasPositiveTests","EnsenadaCases","EnsenadaDeaths","EnsenadaRecoveries","EnsenadaICUActive","EnsenadaICUCases","EnsenadaTotalTests","EnsenadaPositiveTests","EscobarCases","EscobarDeaths","EscobarRecoveries","EscobarICUActive","EscobarICUCases","EscobarTotalTests","EscobarPositiveTests","EstebanEcheverriaCases","EstebanEcheverriaDeaths","EstebanEcheverriaRecoveries","EstebanEcheverriaICUActive","EstebanEcheverriaICUCases","EstebanEcheverriaTotalTests","EstebanEcheverriaPositiveTests","ExaltacionDeLaCruzCases","ExaltacionDeLaCruzDeaths","ExaltacionDeLaCruzRecoveries","ExaltacionDeLaCruzICUActive","ExaltacionDeLaCruzICUCases","ExaltacionDeLaCruzTotalTests","ExaltacionDeLaCruzPositiveTests","EzeizaCases","EzeizaDeaths","EzeizaRecoveries","EzeizaICUActive","EzeizaICUCases","EzeizaTotalTests","EzeizaPositiveTests","FlorencioVarelaCases","FlorencioVarelaDeaths","FlorencioVarelaRecoveries","FlorencioVarelaICUActive","FlorencioVarelaICUCases","FlorencioVarelaTotalTests","FlorencioVarelaPositiveTests","GeneralLasHerasCases","GeneralLasHerasDeaths","GeneralLasHerasRecoveries","GeneralLasHerasICUActive","GeneralLasHerasICUCases","GeneralLasHerasTotalTests","GeneralLasHerasPositiveTests","GeneralRodriguezCases","GeneralRodriguezDeaths","GeneralRodriguezRecoveries","GeneralRodriguezICUActive","GeneralRodriguezICUCases","GeneralRodriguezTotalTests","GeneralRodriguezPositiveTests","GeneralSanMartinCases","GeneralSanMartinDeaths","GeneralSanMartinRecoveries","GeneralSanMartinICUActive","GeneralSanMartinICUCases","GeneralSanMartinTotalTests","GeneralSanMartinPositiveTests","HurlinghamCases","HurlinghamDeaths","HurlinghamRecoveries","HurlinghamICUActive","HurlinghamICUCases","HurlinghamTotalTests","HurlinghamPositiveTests","ItuzaingoCases","ItuzaingoDeaths","ItuzaingoRecoveries","ItuzaingoICUActive","ItuzaingoICUCases","ItuzaingoTotalTests","ItuzaingoPositiveTests","JoseCPazCases","JoseCPazDeaths","JoseCPazRecoveries","JoseCPazICUActive","JoseCPazICUCases","JoseCPazTotalTests","JoseCPazPositiveTests","LaMatanzaCases","LaMatanzaDeaths","LaMatanzaRecoveries","LaMatanzaICUActive","LaMatanzaICUCases","LaMatanzaTotalTests","LaMatanzaPositiveTests","LanusCases","LanusDeaths","LanusRecoveries","LanusICUActive","LanusICUCases","LanusTotalTests","LanusPositiveTests","LaPlataCases","LaPlataDeaths","LaPlataRecoveries","LaPlataICUActive","LaPlataICUCases","LaPlataTotalTests","LaPlataPositiveTests","LomasDeZamoraCases","LomasDeZamoraDeaths","LomasDeZamoraRecoveries","LomasDeZamoraICUActive","LomasDeZamoraICUCases","LomasDeZamoraTotalTests","LomasDeZamoraPositiveTests","LujanCases","LujanDeaths","LujanRecoveries","LujanICUActive","LujanICUCases","LujanTotalTests","LujanPositiveTests","MarcosPazCases","MarcosPazDeaths","MarcosPazRecoveries","MarcosPazICUActive","MarcosPazICUCases","MarcosPazTotalTests","MarcosPazPositiveTests","MalvinasArgentinasCases","MalvinasArgentinasDeaths","MalvinasArgentinasRecoveries","MalvinasArgentinasICUActive","MalvinasArgentinasICUCases","MalvinasArgentinasTotalTests","MalvinasArgentinasPositiveTests","MorenoCases","MorenoDeaths","MorenoRecoveries","MorenoICUActive","MorenoICUCases","MorenoTotalTests","MorenoPositiveTests","MerloCases","MerloDeaths","MerloRecoveries","MerloICUActive","MerloICUCases","MerloTotalTests","MerloPositiveTests","MoronCases","MoronDeaths","MoronRecoveries","MoronICUActive","MoronICUCases","MoronTotalTests","MoronPositiveTests","PilarCases","PilarDeaths","PilarRecoveries","PilarICUActive","PilarICUCases","PilarTotalTests","PilarPositiveTests","PresidentePeronCases","PresidentePeronDeaths","PresidentePeronRecoveries","PresidentePeronICUActive","PresidentePeronICUCases","PresidentePeronTotalTests","PresidentePeronPositiveTests","QuilmesCases","QuilmesDeaths","QuilmesRecoveries","QuilmesICUActive","QuilmesICUCases","QuilmesTotalTests","QuilmesPositiveTests","SanFernandoCases","SanFernandoDeaths","SanFernandoRecoveries","SanFernandoICUActive","SanFernandoICUCases","SanFernandoTotalTests","SanFernandoPositiveTests","SanIsidroCases","SanIsidroDeaths","SanIsidroRecoveries","SanIsidroICUActive","SanIsidroICUCases","SanIsidroTotalTests","SanIsidroPositiveTests","SanMiguelCases","SanMiguelDeaths","SanMiguelRecoveries","SanMiguelICUActive","SanMiguelICUCases","SanMiguelTotalTests","SanMiguelPositiveTests","SanVicenteCases","SanVicenteDeaths","SanVicenteRecoveries","SanVicenteICUActive","SanVicenteICUCases","SanVicenteTotalTests","SanVicentePositiveTests","TigreCases","TigreDeaths","TigreRecoveries","TigreICUActive","TigreICUCases","TigreTotalTests","TigrePositiveTests","TresDeFebreroCases","TresDeFebreroDeaths","TresDeFebreroRecoveries","TresDeFebreroICUActive","TresDeFebreroICUCases","TresDeFebreroTotalTests","TresDeFebreroPositiveTests","VicenteLopezCases","VicenteLopezDeaths","VicenteLopezRecoveries","VicenteLopezICUActive","VicenteLopezICUCases","VicenteLopezTotalTests","VicenteLopezPositiveTests","ZarateCases","ZarateDeaths","ZarateRecoveries","ZarateICUActive","ZarateICUCases","ZarateTotalTests","ZaratePositiveTests"
"2020-08-14","8109","158","6151","25","67","691","434","7977","145","6026","24","92","4176","1782","4866","99","3944","9","56","230","83","828","12","617","8","16","2","1","191","2","59","1","1","8","0","582","15","416","6","18","63","11","622","9","460","0","3","893","499","436","3","338","1","5","0","0","2282","58","1672","11","42","3321","1109","4751","64","3315","10","41","2513","1170","219","6","183","3","6","19","2","2099","34","1550","8","30","980","511","5961","94","4539","25","73","24316","9816","196","2","140","0","2","0","0","1020","7","780","4","7","788","286","7904","181","5635","50","125","7486","4221","2287","21","1823","9","17","10691","4660","1935","35","1389","14","26","15","5","2952","60","2166","9","28","510","227","24786","429","18412","91","230","8065","4274","5963","78","4238","59","109","43535","15549","9546","225","6661","57","133","2069","1106","1026","18","795","5","20","5","1","798","12","614","1","4","7","6","3121","71","1902","22","60","21641","6638","5661","63","4314","20","43","305","203","6026","66","4329","34","64","3017","961","4159","81","3014","23","47","20015","8198","2446","38","1855","22","46","4799","1448","988","7","763","12","18","140","127","12402","215","9536","30","102","10187","5874","2655","62","1789","25","47","639","429","4804","97","3656","16","69","1953","1153","3638","92","2810","15","47","1580","791","695","13","566","3","12","9","4","4561","65","3287","20","47","639","222","6133","135","4561","29","80","52","30","2925","72","2027","21","60","932","193","623","13","463","4","8","0","0","1248","9","1026","5","12","0","0"
"2020-08-15","8310","158","6337","27","70","691","434","8146","151","6195","24","93","4176","1782","4977","103","4055","10","59","230","83","858","12","636","10","18","2","1","201","2","62","1","1","8","0","596","15","428","5","18","63","11","631","10","467","0","3","893","499","445","3","352","1","5","0","0","2339","58","1731","11","42","3321","1109","4897","65","3435","8","41","2513","1170","223","6","190","3","6","19","2","2171","34","1597","9","31","980","511","6105","96","4682","26","74","24316","9816","199","2","146","0","2","0","0","1049","7","799","4","7","788","286","8094","187","5782","51","127","7486","4221","2323","22","1872","9","17","10691","4660","1999","35","1440","14","26","15","5","2993","62","2235","10","30","510","227","25374","446","18970","91","231","8065","4274","6180","85","4446","56","112","43535","15549","9743","224","6845","59","134","2069","1106","1067","18","812","5","20","5","1","811","12","629","1","4","7","6","3255","72","1985","23","61","21641","6638","5816","66","4465","20","43","305","203","6179","67","4446","33","65","3017","961","4278","81","3103","22","47","20015","8198","2507","39","1916","21","46","4799","1448","1012","10","784","13","21","140","127","12744","228","9885","30","105","10187","5874","2696","62","1831","25","47","639","429","4886","97","3758","17","70","1953","1153","3703","92","2882","15","47","1580","791","719","13","580","3","12","9","4","4663","65","3431","21","48","639","222","6245","140","4652","27","83","52","30","2982","75","2085","20","61","932","193","634","13","475","4","8","0","0","1271","9","1047","4","12","0","0"
"2020-08-16","8510","159","6530","28","71","727","458","8291","152","6362","24","94","4279","1840","5087","104","4195","11","60","251","92","875","12","649","9","18","2","1","213","2","63","1","1","8","0","599","15","433","5","18","63","11","642","10","484","0","3","1027","553","461","3","358","1","5","0","0","2387","58","1774","11","42","3488","1189","4984","66","3535","8","41","2765","1282","228","6","190","3","6","19","2","2182","34","1637","9","31","1005","529","6199","98","4784","26","75","24700","10017","199","2","152","0","2","0","0","1070","7","826","4","7","922","349","8202","189","5926","52","129","7686","4364","2345","22","1912","9","17","10849","4725","2042","35","1488","14","26","15","5","3046","62","2304","10","30","510","227","25779","450","19569","90","231","8400","4445","6296","89","4605","56","113","45116","16174","9886","225","7051","58","134","2305","1179","1094","18","836","5","20","5","1","819","12","644","1","4","7","6","3299","72","2063","23","61","22152","6844","5938","66","4613","21","44","324","207","6281","69","4557","34","69","3082","991","4338","82","3189","22","47","20421","8398","2580","39","1997","21","46","5030","1501","1029","10","812","13","21","144","130","13002","230","10254","31","107","10682","6290","2735","63","1879","25","48","687","467","4947","99","3849","17","71","2317","1246","3740","92","2946","15","47","1631","813","733","16","588","3","12","5","2","4745","65","3559","22","49","670","235","6307","142","4761","28","84","53","31","3022","75","2145","20","61","958","204","641","13","486","4","8","0","0","1288","9","1066","5","13","0","0""2020-08-17","8632","161","6708","29","73","727","458","8381","155","6505","24","95","4279","1840","5126","104","4287","11","60","251","92","887","12","663","9","18","2","1","215","2","65","1","1","8","0","610","15","439","5","18","63","11","651","10","490","0","3","1027","553","471","3","371","1","5","0","0","2411","62","1816","11","42","3488","1189","5027","70","3617","8","42","2765","1282","240","6","192","3","6","19","2","2231","34","1695","9","31","1005","529","6330","98","4902","26","75","24700","10017","200","2","158","0","2","0","0","1080","7","842","4","7","922","349","8300","191","6083","53","130","7686","4364","2368","23","1946","9","17","10849","4725","2058","35","1519","14","26","15","5","3106","62","2381","10","30","510","227","26116","468","20042","93","237","8400","4445","6449","91","4764","54","114","45116","16174","10006","225","7282","57","132","2305","1179","1099","19","849","5","21","5","1","834","12","656","2","5","7","6","3337","73","2149","23","61","22152","6844","5978","69","4739","21","44","324","207","6358","69","4676","35","70","3082","991","4407","86","3288","23","48","20421","8398","2684","40","2088","21","48","5030","1501","1052","10","826","13","21","144","130","13138","231","10499","34","110","10682","6290","2781","65","1936","24","49","687","467","5012","101","3943","18","73","2317","1246","3786","93","3029","16","48","1631","813","747","16","596","3","12","5","2","4835","66","3645","22","49","670","235","6382","142","4859","28","84","53","31","3065","75","2194","21","62","958","204","660","13","489","4","8","0","0","1290","9","1088","5","13","0","0"
"2020-08-17","8632","161","6708","29","73","727","458","8381","155","6505","24","95","4279","1840","5126","104","4287","11","60","251","92","887","12","663","9","18","2","1","215","2","65","1","1","8","0","610","15","439","5","18","63","11","651","10","490","0","3","1027","553","471","3","371","1","5","0","0","2411","62","1816","11","42","3488","1189","5027","70","3617","8","42","2765","1282","240","6","192","3","6","19","2","2231","34","1695","9","31","1005","529","6330","98","4902","26","75","24700","10017","200","2","158","0","2","0","0","1080","7","842","4","7","922","349","8300","191","6083","53","130","7686","4364","2368","23","1946","9","17","10849","4725","2058","35","1519","14","26","15","5","3106","62","2381","10","30","510","227","26116","468","20042","93","237","8400","4445","6449","91","4764","54","114","45116","16174","10006","225","7282","57","132","2305","1179","1099","19","849","5","21","5","1","834","12","656","2","5","7","6","3337","73","2149","23","61","22152","6844","5978","69","4739","21","44","324","207","6358","69","4676","35","70","3082","991","4407","86","3288","23","48","20421","8398","2684","40","2088","21","48","5030","1501","1052","10","826","13","21","144","130","13138","231","10499","34","110","10682","6290","2781","65","1936","24","49","687","467","5012","101","3943","18","73","2317","1246","3786","93","3029","16","48","1631","813","747","16","596","3","12","5","2","4835","66","3645","22","49","670","235","6382","142","4859","28","84","53","31","3065","75","2194","21","62","958","204","660","13","489","4","8","0","0","1290","9","1088","5","13","0","0""2020-08-17","8632","161","6708","29","73","727","458","8381","155","6505","24","95","4279","1840","5126","104","4287","11","60","251","92","887","12","663","9","18","2","1","215","2","65","1","1","8","0","610","15","439","5","18","63","11","651","10","490","0","3","1027","553","471","3","371","1","5","0","0","2411","62","1816","11","42","3488","1189","5027","70","3617","8","42","2765","1282","240","6","192","3","6","19","2","2231","34","1695","9","31","1005","529","6330","98","4902","26","75","24700","10017","200","2","158","0","2","0","0","1080","7","842","4","7","922","349","8300","191","6083","53","130","7686","4364","2368","23","1946","9","17","10849","4725","2058","35","1519","14","26","15","5","3106","62","2381","10","30","510","227","26116","468","20042","93","237","8400","4445","6449","91","4764","54","114","45116","16174","10006","225","7282","57","132","2305","1179","1099","19","849","5","21","5","1","834","12","656","2","5","7","6","3337","73","2149","23","61","22152","6844","5978","69","4739","21","44","324","207","6358","69","4676","35","70","3082","991","4407","86","3288","23","48","20421","8398","2684","40","2088","21","48","5030","1501","1052","10","826","13","21","144","130","13138","231","10499","34","110","10682","6290","2781","65","1936","24","49","687","467","5012","101","3943","18","73","2317","1246","3786","93","3029","16","48","1631","813","747","16","596","3","12","5","2","4835","66","3645","22","49","670","235","6382","142","4859","28","84","53","31","3065","75","2194","21","62","958","204","660","13","489","4","8","0","0","1290","9","1088","5","13","0","0""2020-08-18","8858","163","6897","29","73","855","532","8502","159","6644","25","97","4386","1904","5253","108","4374","11","61","289","99","914","16","687","6","18","2","1","227","2","68","1","1","8","0","642","16","463","5","18","63","11","658","10","506","0","3","1204","679","479","3","378","1","5","0","0","2475","66","1865","10","42","3577","1236","5171","70","3726","8","42","2872","1333","249","7","195","3","6","19","2","2283","36","1735","8","31","1118","599","6478","102","5034","26","76","25429","10346","218","2","167","0","2","0","0","1117","9","862","4","7","997","388","8437","192","6213","56","134","7845","4447","2431","26","1986","8","17","11035","4840","2118","36","1569","15","27","15","5","3273","64","2466","10","30","510","227","26606","484","20399","91","239","8692","4603","6591","96","4877","52","115","46213","16597","10178","235","7444","58","134","2529","1255","1137","21","873","6","22","5","1","851","12","669","2","5","8","6","3450","73","2235","23","61","23328","7366","6161","77","4824","19","45","349","216","6470","74","4758","34","70","3203","1036","4508","87","3354","24","49","21027","8668","2781","43","2164","21","49","5297","1580","1074","10","849","13","21","158","140","13465","238","10806","35","111","10977","6543","2842","65","1987","25","50","747","513","5132","109","4022","20","78","2682","1384","3916","97","3109","16","48","1865","915","799","17","638","3","12","5","2","4982","73","3745","21","49","689","247","6488","148","4952","28","86","53","31","3140","76","2238","22","64","979","204","717","13","505","6","11","0","0","1313","10","1099","5","13","0","0"
"2020-08-19","9098","167","7090","30","75","960","590","8638","165","6781","25","100","4442","1938","5334","115","4455","11","64","301","103","929","16","707","4","18","2","1","237","2","73","1","1","8","0","682","18","473","5","19","63","11","665","10","521","0","3","1236","706","490","3","387","1","6","0","0","2521","67","1902","9","42","3701","1267","5347","74","3808","8","43","3032","1439","250","7","198","3","6","19","2","2343","36","1757","8","31","1148","619","6623","104","5147","27","77","25808","10517","226","5","165","0","2","0","0","1166","9","881","5","8","1105","451","8599","198","6338","56","138","8020","4538","2482","26","2029","11","20","11178","4940","2155","44","1600","14","27","15","5","3357","67","2514","10","30","510","227","27092","554","20773","93","255","8842","4709","6751","101","5004","54","118","46953","16873","10319","233","7593","58","135","2651","1298","1182","21","901","6","22","5","1","863","12","683","2","5","8","6","3622","75","2309","22","62","23816","7669","6262","82","4917","19","45","375","229","6655","78","4886","35","74","3264","1063","4572","100","3415","23","49","21242","8775","2865","46","2254","21","50","5349","1609","1110","11","872","13","21","163","143","13860","260","11090","36","117","11265","6799","2910","69","2020","25","50","802","552","5239","111","4124","20","80","2848","1429","4010","99","3167","16","49","2053","1005","815","18","661","1","12","5","2","5093","83","3833","23","56","690","247","6606","155","5045","30","92","57","35","3212","77","2293","21","65","1036","228","731","13","526","6","11","0","0","1335","11","1112","3","13","0","0"
"2020-08-20","9329","171","7304","31","78","1013","628","8860","167","6984","25","101","4535","1984","5463","117","4575","11","64","327","111","955","16","729","4","18","2","1","243","2","80","1","1","8","0","705","19","489","5","20","63","11","692","11","535","0","3","1260","714","504","3","395","1","6","0","0","2568","67","1974","10","43","3769","1290","5504","77","3933","8","44","3132","1491","264","7","209","3","6","20","2","2405","37","1810","8","31","1205","652","6757","109","5270","27","78","26290","10717","229","7","175","0","2","0","0","1193","9","915","5","8","1195","487","8805","198","6484","58","141","8124","4617","2543","26","2078","11","20","11335","5018","2188","46","1633","12","27","16","5","3488","68","2592","11","31","510","227","27757","572","21323","93","258","9097","4828","6923","104","5189","54","118","47765","17244","10588","240","7762","60","140","2829","1391","1221","21","915","6","22","5","1","870","12","695","2","5","8","6","3766","82","2380","22","62","24339","7996","6433","83","5066","19","45","419","247","6823","79","5021","34","74","3362","1101","4671","101","3507","25","51","21459","8867","2977","46","2352","21","51","5497","1657","1133","13","885","11","21","174","151","14214","271","11398","38","124","11553","7036","2968","71","2076","25","51","847","587","5375","112","4224","20","80","3147","1510","4114","101","3256","16","50","2184","1068","826","18","671","1","12","5","2","5230","85","3948","22","56","700","251","6722","163","5132","31","94","63","39","3298","78","2349","23","67","1073","248","750","13","545","6","11","0","0","1358","14","1130","3","13","0","0"
"2020-08-21","9693","180","7561","34","83","1063","665","9091","174","7121","27","107","4621","2023","5606","128","4694","11","64","327","111","983","17","751","4","19","2","1","253","2","85","2","2","8","0","737","19","502","6","21","63","11","700","11","543","0","3","1319","757","518","3","400","1","6","0","0","2624","67","2012","11","45","3819","1320","5635","80","4051","8","44","3306","1586","274","7","213","2","6","20","2","2475","37","1855","8","31","1243","678","6930","111","5401","27","79","26772","10939","235","7","182","0","2","0","0","1235","8","934","5","8","1292","540","8996","198","6613","58","141","8304","4723","2595","27","2113","11","20","11608","5177","2244","49","1668","12","27","16","5","3576","77","2649","11","32","510","227","28294","576","21771","93","263","9302","4932","7147","110","5324","53","120","48805","17697","10827","237","7923","62","139","2903","1419","1277","25","941","8","24","5","1","891","12","711","2","5","8","6","3913","87","2468","22","63","24722","8257","6618","86","5199","20","46","441","255","6977","96","5129","32","74","3429","1118","4765","104","3573","27","53","21675","8963","3083","48","2445","21","52","5626","1697","1168","13","914","11","21","177","152","14673","275","11708","39","125","11883","7287","3046","71","2123","26","52","899","625","5489","114","4316","19","80","3376","1597","4226","103","3333","17","53","2336","1158","863","18","696","2","13","5","2","5383","87","4056","26","60","737","273","6839","166","5230","32","96","62","38","3383","81","2412","23","68","1143","282","771","15","557","6","11","0","0","1370","18","1143","3","15","0","0"
"2020-08-22","10004","185","7748","35","85","1081","680","9232","174","7240","27","107","4688","2057","5754","129","4776","11","64","360","120","1037","18","773","6","22","2","1","255","2","86","2","2","8","0","755","20","515","5","21","63","11","709","11","550","0","3","1515","862","533","3","410","2","7","0","0","2674","67","2051","11","45","3879","1341","5771","80","4154","7","44","3407","1635","286","7","218","2","6","20","2","2531","37","1895","7","31","1302","719","7105","112","5500","29","81","27299","11174","242","7","189","0","2","0","0","1269","11","960","5","8","1330","558","9163","200","6759","59","143","8394","4788","2647","29","2161","13","22","11771","5279","2302","50","1697","13","28","16","5","3678","78","2709","12","33","510","227","28891","584","22299","94","265","9441","5000","7356","118","5431","56","128","49953","18197","11019","235","8096","61","139","2995","1449","1326","25","974","8","24","5","1","918","16","723","3","6","8","6","4056","87","2567","22","63","25045","8458","6800","94","5322","21","48","470","271","7078","101","5217","34","78","3434","1119","4908","109","3663","27","55","21871","9043","3183","48","2516","22","53","5766","1742","1216","13","937","12","22","177","152","14958","275","11950","39","125","12072","7437","3118","72","2165","26","52","941","651","5582","118","4399","19","82","3479","1609","4324","104","3415","18","54","2436","1217","928","18","731","2","13","5","2","5534","90","4207","25","62","770","291","6955","167","5313","33","97","64","38","3443","82","2476","23","70","1157","283","793","16","564","6","11","0","0","1397","18","1157","3","15","0","0"
"2020-08-23","10111","196","7888","34","85","1082","680","9320","178","7332","27","107","4769","2095","5816","133","4867","11","64","360","120","1060","18","788","7","23","2","1","250","2","88","2","2","8","0","772","20","527","5","21","63","11","718","11","562","0","3","1608","917","535","3","423","2","7","0","0","2733","67","2101","11","45","3964","1399","5876","86","4272","7","44","3492","1671","288","7","222","2","6","20","2","2549","40","1944","6","31","1305","722","7166","121","5601","27","82","27337","11189","242","7","193","0","2","0","0","1293","12","983","5","9","1371","573","9281","200","6868","59","143","8497","4817","2672","29","2192","13","22","11800","5298","2330","52","1743","13","28","16","5","3732","78","2769","12","33","510","227","29273","590","22768","93","265","9540","5085","7457","120","5522","55","129","50292","18362","11141","264","8228","61","141","3066","1485","1355","25","1000","8","24","5","1","956","17","738","3","6","5","4","4099","87","2652","22","63","25126","8504","6858","94","5425","21","48","470","271","7154","102","5324","33","79","3436","1120","4978","111","3728","27","56","22088","9157","3240","48","2569","23","54","5898","1821","1245","13","957","12","22","187","162","15235","284","12207","38","125","12351","7604","3160","73","2211","26","52","972","678","5641","118","4454","19","82","3603","1648","4379","105","3473","18","54","2453","1225","947","18","747","3","14","5","2","5599","90","4279","25","62","770","291","7069","168","5405","33","98","64","38","3470","82","2530","24","71","1207","292","800","16","574","6","11","0","0","1407","18","1175","3","15","0","0"
"2020-08-24","10439","235","8070","31","88","1111","693","9575","192","7473","31","112","4816","2126","5954","141","5002","11","65","370","127","1082","18","806","7","23","2","1","251","2","95","2","2","8","0","812","20","540","5","21","63","11","724","12","567","0","3","1692","959","546","3","429","2","7","0","0","2791","74","2146","11","46","4025","1430","5991","92","4358","7","45","3684","1787","300","7","229","2","6","20","2","2606","44","1975","6","32","1409","791","7363","135","5762","25","83","27699","11344","253","7","198","0","2","0","0","1337","13","1012","4","9","1432","604","9457","207","6995","59","145","8549","4844","2762","30","2248","14","23","12006","5440","2391","52","1785","13","28","16","5","3851","81","2836","12","34","510","227","30230","617","23343","94","271","9635","5140","7562","124","5658","55","132","50662","18525","11342","249","8386","59","137","3266","1552","1395","25","1030","8","24","5","1","979","23","752","2","7","5","4","4250","94","2756","20","63","25606","8720","7108","109","5547","20","48","503","289","7313","103","5470","37","83","3529","1157","5122","120","3835","26","58","22372","9284","3329","49","2661","22","54","6054","1830","1284","13","989","12","22","194","165","15563","318","12509","37","128","12558","7770","3227","74","2263","27","53","1002","693","5827","121","4563","19","83","3713","1686","4468","116","3524","19","56","2557","1268","970","20","762","3","14","5","2","5746","96","4421","26","63","791","306","7184","174","5502","34","102","65","39","3549","83","2568","23","71","1208","292","818","18","584","5","11","0","0","1431","20","1189","2","15","0","0"
"2020-08-25","10626","242","8246","31","90","1173","731","9738","197","7591","30","112","4894","2170","6115","144","5062","11","65","387","134","1124","18","829","11","27","2","1","257","2","96","2","2","8","0","843","21","550","5","21","63","11","745","12","583","0","3","1717","971","560","3","447","2","7","0","0","2883","74","2184","11","46","4141","1500","6165","97","4446","9","48","3808","1871","307","7","235","2","6","20","2","2660","44","2012","6","32","1446","806","7516","136","5879","26","85","27997","11470","254","7","210","0","2","0","0","1370","13","1036","5","10","1507","647","9649","214","7129","57","146","8696","4924","2838","30","2286","15","24","12204","5567","2448","53","1827","14","30","16","5","3925","85","2919","11","34","510","227","30773","630","23769","93","276","9806","5250","7801","127","5797","58","137","51534","18965","11596","249","8546","60","139","3672","1735","1442","30","1062","6","25","5","1","985","24","758","2","7","5","4","4483","99","2874","20","64","26046","9025","7249","118","5615","23","52","522","292","7521","105","5570","38","86","3646","1215","5210","122","3914","25","60","22658","9443","3430","50","2736","22","54","6188","1873","1310","14","1011","12","22","194","165","16008","325","12785","37","129","12901","8014","3311","75","2304","28","54","1032","716","5951","123","4661","19","84","3844","1725","4594","119","3594","19","58","2635","1318","985","20","780","3","14","5","2","5906","102","4502","25","64","812","316","7340","179","5596","34","104","65","39","3645","90","2614","25","73","1255","309","828","18","596","5","11","0","0","1454","20","1204","2","15","0","0"
"2020-08-26","10936","246","8384","30","91","1293","809","9986","203","7709","31","114","5004","2239","6235","150","5142","10","66","387","134","1166","23","844","12","29","2","1","269","2","103","2","2","8","0","883","22","569","5","21","63","11","760","12","589","0","3","1759","991","616","3","457","2","7","0","0","2972","77","2237","11","46","4250","1564","6386","100","4541","9","48","3981","1967","324","7","242","2","6","20","2","2782","46","2049","6","32","1566","878","7724","137","5997","28","88","28316","11628","256","7","213","0","2","0","0","1417","13","1062","5","10","1638","730","9884","216","7256","57","148","8866","5022","2908","33","2332","15","24","12356","5662","2533","54","1870","15","32","16","5","4106","89","2995","11","37","510","227","31553","668","24325","92","282","10014","5353","8079","133","5929","55","137","52547","19422","11874","256","8709","57","142","3924","1858","1509","30","1096","7","26","5","1","1000","24","777","2","7","5","4","4821","104","2960","20","66","26909","9633","7403","120","5734","26","56","557","298","7715","106","5675","39","87","3704","1237","5340","125","3977","26","62","23100","9689","3559","51","2836","24","56","6201","1878","1340","16","1034","11","22","200","170","16457","336","13001","39","132","13089","8170","3383","75","2360","27","54","1072","733","6112","123","4742","19","85","4019","1787","4748","120","3684","19","58","2771","1402","1015","21","798","2","14","5","2","6069","109","4606","24","64","835","325","7533","208","5682","35","110","68","39","3730","102","2657","24","74","1264","313","909","18","612","7","13","0","0","1477","23","1215","2","16","0","0"
"2020-08-27","11168","259","8574","30","92","1337","835","10140","210","7849","29","116","5103","2290","6436","152","5226","11","67","423","145","1203","23","869","12","30","2","1","274","3","108","1","2","8","0","916","22","579","5","21","63","11","767","12","595","0","3","1838","1036","636","3","468","3","8","0","0","3073","78","2302","11","46","4394","1638","6580","104","4649","9","49","4221","2090","339","7","249","2","6","20","2","2833","48","2103","6","32","1620","896","7915","142","6090","28","89","28571","11759","266","7","221","0","2","0","0","1467","13","1089","6","11","1704","771","10106","218","7356","59","151","9056","5130","2999","37","2373","14","25","12623","5829","2599","55","1900","14","32","16","5","4235","98","3056","11","38","514","228","32225","677","24734","90","287","10281","5465","8336","158","6075","51","143","53607","19921","12105","260","8845","55","143","4198","1975","1545","30","1140","7","26","5","1","1029","24","793","3","8","5","4","5072","119","3071","20","72","27546","10034","7603","120","5837","27","57","558","299","7978","109","5769","38","87","3778","1275","5462","125","4054","28","64","23555","9945","3713","51","2949","28","60","6316","1927","1378","18","1049","11","22","204","170","17008","337","13221","41","135","13527","8554","3479","78","2391","28","56","1149","781","6312","128","4829","19","88","4146","1852","4934","130","3774","27","71","3028","1552","1047","25","807","1","14","7","2","6217","112","4683","27","67","851","335","7704","208","5753","35","110","68","39","3849","103","2718","24","75","1294","326","948","18","636","6","13","0","0","1503","24","1231","3","17","0","0"
"2020-08-28","11538","263","8788","30","94","1406","886","10447","216","8034","30","117","5155","2314","6611","154","5353","10","68","436","151","1240","24","888","12","32","2","1","281","3","116","1","2","8","0","970","22","594","5","21","63","11","782","12","610","0","3","1939","1097","656","4","482","3","8","0","0","3169","81","2353","12","47","4496","1695","6784","106","4765","9","50","4367","2176","344","7","255","2","6","20","2","2910","49","2166","6","33","1668","937","8138","143","6210","28","89","28884","11911","271","7","224","0","2","0","0","1527","13","1118","6","11","1839","866","10357","220","7487","62","155","9213","5219","3090","37","2421","14","25","12913","6006","2683","56","1954","14","33","17","5","4386","100","3131","11","38","529","234","33179","695","25376","94","294","10350","5501","8612","179","6204","47","145","54572","20428","12345","267","9026","56","146","4436","2103","1604","30","1188","7","26","5","1","1067","24","807","3","8","5","4","5255","124","3176","20","74","27865","10260","7910","122","6014","28","59","561","301","8184","109","5898","37","88","3824","1287","5673","126","4152","28","65","24266","10307","3807","76","3031","28","61","6356","1967","1434","18","1074","11","22","215","178","17553","338","13536","42","138","13864","8820","3596","79","2451","28","59","1185","809","6503","134","4911","23","93","4298","1931","5144","132","3879","29","74","3298","1689","1101","25","822","1","14","7","2","6468","114","4784","29","70","884","348","7941","211","5880","35","109","68","39","3961","104","2784","23","76","1324","342","970","19","657","6","13","0","0","1528","24","1242","3","17","0","0"
"2020-08-30","11917","264","9191","32","96","1441","902","10777","219","8288","31","119","5303","2399","6859","154","5543","10","68","458","161","1305","26","929","13","34","2","1","288","3","120","1","2","8","0","1024","22","652","5","21","63","11","811","12","628","0","3","2124","1231","686","4","505","3","8","0","0","3305","85","2467","12","51","4643","1792","7037","107","5006","9","50","4589","2297","358","7","273","2","6","20","2","3003","50","2261","6","33","1737","994","8374","143","6475","28","89","29247","12086","276","7","238","0","2","0","0","1608","13","1188","6","11","2021","979","10762","223","7771","67","161","9433","5390","3189","39","2547","13","26","13270","6217","2823","58","2060","15","34","39","15","4484","101","3276","12","39","536","234","34282","708","26420","94","299","10617","5641","9037","183","6556","51","152","55955","21115","12791","270","9399","59","153","4653","2218","1700","30","1276","8","27","5","1","1126","24","831","3","8","5","4","5448","125","3423","20","75","28031","10377","8269","122","6300","28","59","590","305","8526","111","6206","39","90","3924","1326","5946","128","4346","29","67","25059","10688","3971","79","3207","28","62","6512","1991","1499","19","1134","11","23","226","185","18091","339","14110","46","143","14149","9040","3706","81","2573","29","61","1250","857","6757","135","5114","22","93","4393","1982","5311","136","4092","28","74","3448","1768","1177","25","866","1","14","7","2","6786","115","5032","32","74","937","372","8208","215","6119","38","113","68","39","4123","111","2892","24","77","1346","342","989","20","691","6","13","0","0","1556","25","1279","3","17","0","0"
"2020-08-31","12170","274","9388","32","98","1473","923","10931","225","8429","31","121","5351","2420","6973","162","5672","9","69","468","166","1308","26","954","13","34","2","1","287","3","120","1","2","8","0","1066","23","664","6","22","63","11","833","12","639","0","3","2161","1250","687","5","517","3","8","0","0","3347","86","2533","11","51","4643","1792","7156","109","5118","9","50","4616","2321","378","7","282","3","7","20","2","3065","54","2314","6","34","1796","1047","8510","149","6635","30","93","29435","12188","279","8","242","0","2","0","0","1639","13","1218","6","11","2079","1017","10947","225","7917","71","165","9559","5478","3233","39","2603","13","26","13403","6275","2890","59","2099","15","36","39","15","4665","104","3362","12","39","551","239","35032","717","26947","97","304","10704","5701","9092","188","6688","51","154","56150","21196","12999","274","9565","61","155","4763","2270","1740","30","1306","8","27","5","1","1144","24","861","3","8","5","4","5617","134","3550","20","80","28568","10679","8448","125","6460","31","64","591","305","8734","114","6371","37","91","3971","1337","6101","131","4438","28","67","25660","10976","4146","81","3349","27","63","6705","2084","1523","19","1163","11","23","230","188","18410","347","14378","44","145","14309","9178","3765","83","2635","29","63","1280","873","6914","139","5232","21","96","4462","2026","5446","141","4188","27","76","3622","1871","1195","25","889","1","15","7","2","6908","120","5162","31","74","941","374","8324","217","6234","39","115","68","39","4208","118","2969","26","80","1353","344","1027","20","716","6","13","0","0","1607","25","1295","3","17","0","0"
"2020-09-02","12700","293","9833","34","103","1538","977","11277","234","8698","32","125","5666","2566","7228","164","5853","9","69","497","173","1377","28","1003","17","39","2","1","303","3","122","1","2","8","0","1164","24","707","5","22","64","12","874","13","665","0","3","2276","1321","742","5","547","3","8","0","0","3518","92","2669","11","54","4898","1912","7505","110","5318","10","51","4944","2515","391","8","301","3","7","20","2","3198","55","2397","6","35","1896","1107","8808","158","6876","32","99","29989","12453","286","8","242","0","2","0","0","1743","16","1290","6","11","2356","1126","11445","240","8224","70","168","10015","5727","3394","42","2700","11","26","13818","6548","3038","71","2214","11","38","49","21","4957","112","3565","13","44","564","241","36403","747","27989","91","310","11091","5895","9581","201","7049","52","161","57910","22065","13512","281","9911","63","160","5195","2476","1810","34","1378","8","28","5","1","1189","24","910","3","8","5","4","6052","147","3772","22","86","29532","11318","8794","134","6765","27","66","632","311","9173","119","6669","39","95","4165","1409","6366","156","4665","28","70","26741","11499","4382","85","3546","28","66","7030","2179","1568","20","1225","10","23","233","189","19169","353","14908","42","148","14768","9530","3978","91","2784","29","63","1361","926","7199","141","5475","24","102","4622","2095","5807","153","4416","30","84","4102","2103","1247","28","918","1","16","7","2","7278","127","5380","35","78","1028","421","8614","226","6493","40","119","70","41","4451","127","3073","24","81","1398","361","1097","22","749","7","16","0","0","1665","27","1332","4","19","0","0"
"2020-09-04","13164","318","10356","33","110","1590","1002","11654","255","9040","32","136","5844","2646","7534","187","6120","10","77","511","174","1482","30","1065","16","41","2","1","308","4","129","1","3","8","0","1235","24","771","5","22","69","14","912","13","697","1","4","2449","1399","802","5","590","3","8","0","0","3697","92","2789","14","57","5144","2043","7862","129","5584","9","60","5172","2620","419","8","311","3","7","20","2","3317","62","2498","5","39","1944","1134","9121","174","7137","33","104","30428","12686","296","8","257","0","2","0","0","1867","16","1374","5","11","2624","1224","11843","246","8605","68","169","10378","5922","3521","50","2805","12","28","14401","6871","3200","75","2330","11","39","86","34","5166","121","3797","15","49","564","241","37863","774","29411","105","336","11509","6089","10131","214","7425","57","169","59954","23191","14000","297","10387","64","172","5777","2754","1894","34","1466","8","28","5","1","1220","24","949","3","8","5","4","6491","161","4078","22","89","30669","11996","9210","136","7156","28","67","657","315","9671","120","7036","39","97","4354","1477","6653","173","4901","28","74","28133","12173","4710","88","3844","29","70","7204","2242","1658","24","1289","11","25","243","195","19878","404","15527","37","175","15350","9958","4179","93","2908","29","65","1452","982","7427","144","5711","26","104","4764","2168","6067","161","4623","29","85","4417","2265","1325","30","990","1","16","7","2","7735","132","5649","38","83","1078","454","8972","228","6795","40","120","70","41","4654","130","3212","27","86","1421","365","1173","23","808","8","17","0","0","1708","29","1372","5","20","0","0"
"2020-09-06","13618","321","10763","33","113","1621","1026","11898","259","9354","32","136","6002","2697","7742","187","6380","11","78","538","184","1538","30","1105","17","42","2","1","315","4","136","1","3","8","0","1306","24","822","5","22","69","14","946","13","735","1","4","2612","1459","856","5","634","3","8","0","0","3842","95","2919","14","57","5332","2154","8162","129","5845","9","60","5583","2812","427","8","322","2","7","20","2","3390","64","2609","5","40","1949","1138","9380","175","7390","33","104","30840","12882","299","8","265","0","2","0","0","1926","16","1455","5","11","2739","1270","12146","246","8928","71","173","10545","6012","3591","53","2919","13","30","14711","6976","3279","77","2445","11","40","86","34","5264","124","3962","15","51","572","245","38761","785","30513","105","344","11818","6222","10531","224","7821","55","173","61553","23874","14291","302","10755","67","177","6050","2853","1952","35","1537","8","28","5","1","1233","24","970","3","8","5","4","6630","162","4418","22","90","30909","12101","9528","137","7443","28","67","679","334","9901","123","7348","37","97","4496","1527","6800","174","5121","29","75","28752","12468","4996","94","4095","32","74","7863","2540","1719","24","1346","11","26","248","199","20237","405","16106","38","176","15509","10074","4292","136","3021","27","66","1537","1034","7620","150","5959","25","105","4920","2218","6155","164","4827","29","86","4460","2288","1379","30","1036","1","16","7","2","7989","137","6053","37","83","1145","472","9166","229","7012","42","123","70","41","4780","136","3389","26","88","1425","369","1229","23","848","10","19","0","0","1745","29","1400","5","20","0","0"
"2020-09-07","13786","328","10977","33","115","1716","1064","12020","268","9516","31","138","6035","2711","7846","191","6494","10","78","545","185","1545","30","1144","17","42","2","1","313","4","141","3","5","8","0","1346","24","844","6","23","69","14","969","13","751","1","4","2649","1473","876","5","655","3","8","0","0","3871","96","2971","13","57","5332","2154","8250","144","5982","10","64","5614","2825","438","9","330","2","7","20","2","3483","70","2691","5","40","2071","1231","9464","184","7522","31","106","31037","12976","301","8","267","0","2","0","0","1960","16","1494","4","11","2791","1292","12318","249","9105","70","175","10649","6071","3636","59","2983","14","31","14914","7060","3338","80","2513","12","43","102","42","5343","128","4052","16","52","572","245","39425","804","31175","103","350","11948","6275","10602","227","8024","56","175","61788","23964","14463","291","10973","65","172","6286","2964","1971","37","1571","8","28","5","1","1240","24","985","3","8","5","4","6775","168","4582","23","96","31259","12243","9703","139","7610","28","67","680","335","10091","124","7592","38","98","4569","1559","6924","181","5263","25","76","29409","12754","5189","95","4273","31","74","8117","2604","1728","24","1374","11","26","254","200","20450","413","16382","36","177","15580","10125","4350","136","3089","30","69","1558","1040","7711","155","6075","25","109","4958","2231","6295","166","4953","30","87","4584","2347","1398","30","1072","1","16","7","2","8135","143","6219","36","84","1189","493","9279","235","7149","40","126","70","41","4843","139","3473","26","88","1426","370","1241","23","875","10","19","0","0","1760","29","1442","5","20","0","0"
