"date","indec_code","province","vaccine","first_dose_qty","second_dose_qty"
"2020-02-09",6,"Buenos Aires","Sputnik V COVID19 Instituto Gamaleya",126755,70405
"2020-02-09",2,"CABA","Sputnik V COVID19 Instituto Gamaleya",34365,17954
"2020-02-09",10,"Catamarca","Sputnik V COVID19 Instituto Gamaleya",3667,2393
"2020-02-09",22,"Chaco","Sputnik V COVID19 Instituto Gamaleya",8307,6302
"2020-02-09",26,"Chubut","Sputnik V COVID19 Instituto Gamaleya",3543,1813
"2020-02-09",18,"Corrientes","Sputnik V COVID19 Instituto Gamaleya",7869,3864
"2020-02-09",14,"Córdoba","Sputnik V COVID19 Instituto Gamaleya",25854,19810
"2020-02-09",30,"Entre Ríos","Sputnik V COVID19 Instituto Gamaleya",11032,5589
"2020-02-09",34,"Formosa","Sputnik V COVID19 Instituto Gamaleya",3363,3147
"2020-02-09",38,"Jujuy","Sputnik V COVID19 Instituto Gamaleya",6108,4332
"2020-02-09",42,"La Pampa","Sputnik V COVID19 Instituto Gamaleya",3821,2066
"2020-02-09",46,"La Rioja","Sputnik V COVID19 Instituto Gamaleya",4013,2570
"2020-02-09",50,"Mendoza","Sputnik V COVID19 Instituto Gamaleya",11754,5647
"2020-02-09",54,"Misiones","Sputnik V COVID19 Instituto Gamaleya",5713,4351
"2020-02-09",58,"Neuquén","Sputnik V COVID19 Instituto Gamaleya",6332,2623
"2020-02-09",62,"Río Negro","Sputnik V COVID19 Instituto Gamaleya",6133,4119
"2020-02-09",66,"Salta","Sputnik V COVID19 Instituto Gamaleya",9941,6681
"2020-02-09",70,"San Juan","Sputnik V COVID19 Instituto Gamaleya",5658,2166
"2020-02-09",74,"San Luis","Sputnik V COVID19 Instituto Gamaleya",4402,2721
"2020-02-09",78,"Santa Cruz","Sputnik V COVID19 Instituto Gamaleya",3547,2091
"2020-02-09",82,"Santa Fe","Sputnik V COVID19 Instituto Gamaleya",25751,14412
"2020-02-09",86,"Santiago del Estero","Sputnik V COVID19 Instituto Gamaleya",6290,4300
"2020-02-09",94,"Tierra del Fuego","Sputnik V COVID19 Instituto Gamaleya",1886,930
"2020-02-09",90,"Tucumán","Sputnik V COVID19 Instituto Gamaleya",11668,7245
"2020-02-10",6,"Buenos Aires","Sputnik V COVID19 Instituto Gamaleya",134175,71758
"2020-02-10",2,"CABA","Sputnik V COVID19 Instituto Gamaleya",36440,19190
"2020-02-10",10,"Catamarca","Sputnik V COVID19 Instituto Gamaleya",3887,2398
"2020-02-10",22,"Chaco","Sputnik V COVID19 Instituto Gamaleya",8396,6776
"2020-02-10",26,"Chubut","Sputnik V COVID19 Instituto Gamaleya",3766,1929
"2020-02-10",18,"Corrientes","Sputnik V COVID19 Instituto Gamaleya",7914,3955
"2020-02-10",14,"Córdoba","Sputnik V COVID19 Instituto Gamaleya",26143,20287
"2020-02-10",30,"Entre Ríos","Sputnik V COVID19 Instituto Gamaleya",11322,5889
"2020-02-10",34,"Formosa","Sputnik V COVID19 Instituto Gamaleya",3371,3147
"2020-02-10",38,"Jujuy","Sputnik V COVID19 Instituto Gamaleya",6497,4333
"2020-02-10",42,"La Pampa","Sputnik V COVID19 Instituto Gamaleya",3821,2098
"2020-02-10",46,"La Rioja","Sputnik V COVID19 Instituto Gamaleya",4126,2610
"2020-02-10",50,"Mendoza","Sputnik V COVID19 Instituto Gamaleya",12135,6168
"2020-02-10",54,"Misiones","Sputnik V COVID19 Instituto Gamaleya",5741,4560
"2020-02-10",58,"Neuquén","Sputnik V COVID19 Instituto Gamaleya",6332,2623
"2020-02-10",62,"Río Negro","Sputnik V COVID19 Instituto Gamaleya",6137,4225
"2020-02-10",66,"Salta","Sputnik V COVID19 Instituto Gamaleya",10009,6956
"2020-02-10",70,"San Juan","Sputnik V COVID19 Instituto Gamaleya",5897,2223
"2020-02-10",74,"San Luis","Sputnik V COVID19 Instituto Gamaleya",4735,2721
"2020-02-10",78,"Santa Cruz","Sputnik V COVID19 Instituto Gamaleya",3691,2096
"2020-02-10",82,"Santa Fe","Sputnik V COVID19 Instituto Gamaleya",27025,15643
"2020-02-10",86,"Santiago del Estero","Sputnik V COVID19 Instituto Gamaleya",6306,4472
"2020-02-10",94,"Tierra del Fuego","Sputnik V COVID19 Instituto Gamaleya",1893,968
"2020-02-10",90,"Tucumán","Sputnik V COVID19 Instituto Gamaleya",11800,7356
"2020-02-11",6,"Buenos Aires","Sputnik V COVID19 Instituto Gamaleya",139647,73189
"2020-02-11",2,"CABA","Sputnik V COVID19 Instituto Gamaleya",37605,19555
"2020-02-11",10,"Catamarca","Sputnik V COVID19 Instituto Gamaleya",3895,2399
"2020-02-11",22,"Chaco","Sputnik V COVID19 Instituto Gamaleya",8519,6987
"2020-02-11",26,"Chubut","Sputnik V COVID19 Instituto Gamaleya",3916,2120
"2020-02-11",18,"Corrientes","Sputnik V COVID19 Instituto Gamaleya",7975,4048
"2020-02-11",14,"Córdoba","Sputnik V COVID19 Instituto Gamaleya",26202,20475
"2020-02-11",30,"Entre Ríos","Sputnik V COVID19 Instituto Gamaleya",11411,6240
"2020-02-11",34,"Formosa","Sputnik V COVID19 Instituto Gamaleya",3471,3152
"2020-02-11",38,"Jujuy","Sputnik V COVID19 Instituto Gamaleya",6845,4333
"2020-02-11",42,"La Pampa","Sputnik V COVID19 Instituto Gamaleya",3826,2121
"2020-02-11",46,"La Rioja","Sputnik V COVID19 Instituto Gamaleya",4140,2612
"2020-02-11",50,"Mendoza","Sputnik V COVID19 Instituto Gamaleya",12559,6713
"2020-02-11",54,"Misiones","Sputnik V COVID19 Instituto Gamaleya",5796,4664
"2020-02-11",58,"Neuquén","Sputnik V COVID19 Instituto Gamaleya",7419,3415
"2020-02-11",62,"Río Negro","Sputnik V COVID19 Instituto Gamaleya",6142,4248
"2020-02-11",66,"Salta","Sputnik V COVID19 Instituto Gamaleya",10032,7042
"2020-02-11",70,"San Juan","Sputnik V COVID19 Instituto Gamaleya",6146,2322
"2020-02-11",74,"San Luis","Sputnik V COVID19 Instituto Gamaleya",4915,2747
"2020-02-11",78,"Santa Cruz","Sputnik V COVID19 Instituto Gamaleya",3815,2106
"2020-02-11",82,"Santa Fe","Sputnik V COVID19 Instituto Gamaleya",28199,16521
"2020-02-11",86,"Santiago del Estero","Sputnik V COVID19 Instituto Gamaleya",6339,4670
"2020-02-11",94,"Tierra del Fuego","Sputnik V COVID19 Instituto Gamaleya",1894,1035
"2020-02-11",90,"Tucumán","Sputnik V COVID19 Instituto Gamaleya",11941,7565
"2020-02-12",6,"Buenos Aires","Sputnik V COVID19 Instituto Gamaleya",140311,81979
"2020-02-12",2,"CABA","Sputnik V COVID19 Instituto Gamaleya",39259,20387
"2020-02-12",10,"Catamarca","Sputnik V COVID19 Instituto Gamaleya",3895,2399
"2020-02-12",22,"Chaco","Sputnik V COVID19 Instituto Gamaleya",8657,7108
"2020-02-12",26,"Chubut","Sputnik V COVID19 Instituto Gamaleya",4104,2263
"2020-02-12",18,"Corrientes","Sputnik V COVID19 Instituto Gamaleya",8116,4584
"2020-02-12",14,"Córdoba","Sputnik V COVID19 Instituto Gamaleya",26277,20607
"2020-02-12",30,"Entre Ríos","Sputnik V COVID19 Instituto Gamaleya",11490,6820
"2020-02-12",34,"Formosa","Sputnik V COVID19 Instituto Gamaleya",3767,3160
"2020-02-12",38,"Jujuy","Sputnik V COVID19 Instituto Gamaleya",6845,4333
"2020-02-12",42,"La Pampa","Sputnik V COVID19 Instituto Gamaleya",3829,2137
"2020-02-12",46,"La Rioja","Sputnik V COVID19 Instituto Gamaleya",4360,2623
"2020-02-12",50,"Mendoza","Sputnik V COVID19 Instituto Gamaleya",13064,7378
"2020-02-12",54,"Misiones","Sputnik V COVID19 Instituto Gamaleya",5869,4764
"2020-02-12",58,"Neuquén","Sputnik V COVID19 Instituto Gamaleya",7419,3415
"2020-02-12",62,"Río Negro","Sputnik V COVID19 Instituto Gamaleya",6148,4260
"2020-02-12",66,"Salta","Sputnik V COVID19 Instituto Gamaleya",10047,7152
"2020-02-12",70,"San Juan","Sputnik V COVID19 Instituto Gamaleya",6385,2408
"2020-02-12",74,"San Luis","Sputnik V COVID19 Instituto Gamaleya",4980,2768
"2020-02-12",78,"Santa Cruz","Sputnik V COVID19 Instituto Gamaleya",3853,2106
"2020-02-12",82,"Santa Fe","Sputnik V COVID19 Instituto Gamaleya",29061,17298
"2020-02-12",86,"Santiago del Estero","Sputnik V COVID19 Instituto Gamaleya",6349,4755
"2020-02-12",94,"Tierra del Fuego","Sputnik V COVID19 Instituto Gamaleya",1894,1074
"2020-02-12",90,"Tucumán","Sputnik V COVID19 Instituto Gamaleya",12044,7831
2021-02-14,6,"Buenos Aires","Sputnik V COVID19 Instituto Gamaleya",141148,90523
2021-02-14,2,"CABA","Sputnik V COVID19 Instituto Gamaleya",40267,21110
2021-02-14,10,"Catamarca","Sputnik V COVID19 Instituto Gamaleya",3967,2418
2021-02-14,22,"Chaco","Sputnik V COVID19 Instituto Gamaleya",8767,7355
2021-02-14,26,"Chubut","Sputnik V COVID19 Instituto Gamaleya",4266,2526
2021-02-14,18,"Corrientes","Sputnik V COVID19 Instituto Gamaleya",8164,5206
2021-02-14,14,"Córdoba","Sputnik V COVID19 Instituto Gamaleya",26322,20751
2021-02-14,30,"Entre Ríos","Sputnik V COVID19 Instituto Gamaleya",11541,7417
2021-02-14,34,"Formosa","Sputnik V COVID19 Instituto Gamaleya",3773,3160
2021-02-14,38,"Jujuy","Sputnik V COVID19 Instituto Gamaleya",6935,4333
2021-02-14,42,"La Pampa","Sputnik V COVID19 Instituto Gamaleya",3869,2165
2021-02-14,46,"La Rioja","Sputnik V COVID19 Instituto Gamaleya",4400,2658
2021-02-14,50,"Mendoza","Sputnik V COVID19 Instituto Gamaleya",13507,7974
2021-02-14,54,"Misiones","Sputnik V COVID19 Instituto Gamaleya",5873,4809
2021-02-14,58,"Neuquén","Sputnik V COVID19 Instituto Gamaleya",7419,3516
2021-02-14,62,"Río Negro","Sputnik V COVID19 Instituto Gamaleya",6148,4327
2021-02-14,66,"Salta","Sputnik V COVID19 Instituto Gamaleya",10093,7247
2021-02-14,70,"San Juan","Sputnik V COVID19 Instituto Gamaleya",6617,2566
2021-02-14,74,"San Luis","Sputnik V COVID19 Instituto Gamaleya",5064,2802
2021-02-14,78,"Santa Cruz","Sputnik V COVID19 Instituto Gamaleya",3875,2120
2021-02-14,82,"Santa Fe","Sputnik V COVID19 Instituto Gamaleya",29726,18317
2021-02-14,86,"Santiago del Estero","Sputnik V COVID19 Instituto Gamaleya",6371,4932
2021-02-14,94,"Tierra del Fuego","Sputnik V COVID19 Instituto Gamaleya",1907,1169
2021-02-14,90,"Tucumán","Sputnik V COVID19 Instituto Gamaleya",12162,8209
2021-02-15,6,"Buenos Aires","Sputnik V COVID19 Instituto Gamaleya",141892,90566
2021-02-15,2,"CABA","Sputnik V COVID19 Instituto Gamaleya",40552,21112
2021-02-15,10,"Catamarca","Sputnik V COVID19 Instituto Gamaleya",3967,2418
2021-02-15,22,"Chaco","Sputnik V COVID19 Instituto Gamaleya",8784,7359
2021-02-15,26,"Chubut","Sputnik V COVID19 Instituto Gamaleya",4266,2526
2021-02-15,18,"Corrientes","Sputnik V COVID19 Instituto Gamaleya",8170,5340
2021-02-15,14,"Córdoba","Sputnik V COVID19 Instituto Gamaleya",26322,20772
2021-02-15,30,"Entre Ríos","Sputnik V COVID19 Instituto Gamaleya",11541,7422
2021-02-15,34,"Formosa","Sputnik V COVID19 Instituto Gamaleya",3773,3160
2021-02-15,38,"Jujuy","Sputnik V COVID19 Instituto Gamaleya",6935,4333
2021-02-15,42,"La Pampa","Sputnik V COVID19 Instituto Gamaleya",3869,2170
2021-02-15,46,"La Rioja","Sputnik V COVID19 Instituto Gamaleya",4400,2658
2021-02-15,50,"Mendoza","Sputnik V COVID19 Instituto Gamaleya",13510,8052
2021-02-15,54,"Misiones","Sputnik V COVID19 Instituto Gamaleya",5873,4809
2021-02-15,58,"Neuquén","Sputnik V COVID19 Instituto Gamaleya",7419,3516
2021-02-15,62,"Río Negro","Sputnik V COVID19 Instituto Gamaleya",6148,4327
2021-02-15,66,"Salta","Sputnik V COVID19 Instituto Gamaleya",10093,7247
2021-02-15,70,"San Juan","Sputnik V COVID19 Instituto Gamaleya",6617,2566
2021-02-15,74,"San Luis","Sputnik V COVID19 Instituto Gamaleya",5070,2808
2021-02-15,78,"Santa Cruz","Sputnik V COVID19 Instituto Gamaleya",3875,2120
2021-02-15,82,"Santa Fe","Sputnik V COVID19 Instituto Gamaleya",29737,18322
2021-02-15,86,"Santiago del Estero","Sputnik V COVID19 Instituto Gamaleya",6371,4935
2021-02-15,94,"Tierra del Fuego","Sputnik V COVID19 Instituto Gamaleya",1907,1169
2021-02-15,90,"Tucumán","Sputnik V COVID19 Instituto Gamaleya",12162,8209
2021-02-16,6,"Buenos Aires","Sputnik V COVID19 Instituto Gamaleya",141892,90566
2021-02-16,2,"CABA","Sputnik V COVID19 Instituto Gamaleya",40552,21112
2021-02-16,10,"Catamarca","Sputnik V COVID19 Instituto Gamaleya",3967,2418
2021-02-16,22,"Chaco","Sputnik V COVID19 Instituto Gamaleya",8784,7359
2021-02-16,26,"Chubut","Sputnik V COVID19 Instituto Gamaleya",4266,2526
2021-02-16,18,"Corrientes","Sputnik V COVID19 Instituto Gamaleya",8170,5340
2021-02-16,14,"Córdoba","Sputnik V COVID19 Instituto Gamaleya",26322,20772
2021-02-16,30,"Entre Ríos","Sputnik V COVID19 Instituto Gamaleya",11541,7422
2021-02-16,34,"Formosa","Sputnik V COVID19 Instituto Gamaleya",3773,3160
2021-02-16,38,"Jujuy","Sputnik V COVID19 Instituto Gamaleya",6935,4333
2021-02-16,42,"La Pampa","Sputnik V COVID19 Instituto Gamaleya",3869,2170
2021-02-16,46,"La Rioja","Sputnik V COVID19 Instituto Gamaleya",4400,2658
2021-02-16,50,"Mendoza","Sputnik V COVID19 Instituto Gamaleya",13510,8052
2021-02-16,54,"Misiones","Sputnik V COVID19 Instituto Gamaleya",5873,4809
2021-02-16,58,"Neuquén","Sputnik V COVID19 Instituto Gamaleya",7419,3516
2021-02-16,62,"Río Negro","Sputnik V COVID19 Instituto Gamaleya",6148,4327
2021-02-16,66,"Salta","Sputnik V COVID19 Instituto Gamaleya",10093,7247
2021-02-16,70,"San Juan","Sputnik V COVID19 Instituto Gamaleya",6617,2566
2021-02-16,74,"San Luis","Sputnik V COVID19 Instituto Gamaleya",5070,2808
2021-02-16,78,"Santa Cruz","Sputnik V COVID19 Instituto Gamaleya",3875,2120
2021-02-16,82,"Santa Fe","Sputnik V COVID19 Instituto Gamaleya",29737,18322
2021-02-16,86,"Santiago del Estero","Sputnik V COVID19 Instituto Gamaleya",6371,4935
2021-02-16,94,"Tierra del Fuego","Sputnik V COVID19 Instituto Gamaleya",1907,1169
2021-02-16,90,"Tucumán","Sputnik V COVID19 Instituto Gamaleya",12162,8209
2021-02-17,6,"Buenos Aires","Sputnik V COVID19 Instituto Gamaleya",142445,90711
2021-02-17,2,"CABA","Sputnik V COVID19 Instituto Gamaleya",40570,21129
2021-02-17,10,"Catamarca","Sputnik V COVID19 Instituto Gamaleya",3967,2418
2021-02-17,22,"Chaco","Sputnik V COVID19 Instituto Gamaleya",8817,7370
2021-02-17,26,"Chubut","Sputnik V COVID19 Instituto Gamaleya",4275,2526
2021-02-17,18,"Corrientes","Sputnik V COVID19 Instituto Gamaleya",8241,5567
2021-02-17,14,"Córdoba","Sputnik V COVID19 Instituto Gamaleya",26322,20772
2021-02-17,30,"Entre Ríos","Sputnik V COVID19 Instituto Gamaleya",11541,7422
2021-02-17,34,"Formosa","Sputnik V COVID19 Instituto Gamaleya",3773,3160
2021-02-17,38,"Jujuy","Sputnik V COVID19 Instituto Gamaleya",6936,4332
2021-02-17,42,"La Pampa","Sputnik V COVID19 Instituto Gamaleya",3875,2170
2021-02-17,46,"La Rioja","Sputnik V COVID19 Instituto Gamaleya",4400,2658
2021-02-17,50,"Mendoza","Sputnik V COVID19 Instituto Gamaleya",13511,8052
2021-02-17,54,"Misiones","Sputnik V COVID19 Instituto Gamaleya",5873,4809
2021-02-17,58,"Neuquén","Sputnik V COVID19 Instituto Gamaleya",7419,3516
2021-02-17,62,"Río Negro","Sputnik V COVID19 Instituto Gamaleya",6148,4332
2021-02-17,66,"Salta","Sputnik V COVID19 Instituto Gamaleya",10147,7247
2021-02-17,70,"San Juan","Sputnik V COVID19 Instituto Gamaleya",6617,2566
2021-02-17,74,"San Luis","Sputnik V COVID19 Instituto Gamaleya",5070,2808
2021-02-17,78,"Santa Cruz","Sputnik V COVID19 Instituto Gamaleya",3874,2120
2021-02-17,82,"Santa Fe","Sputnik V COVID19 Instituto Gamaleya",29741,18322
2021-02-17,86,"Santiago del Estero","Sputnik V COVID19 Instituto Gamaleya",6371,4935
2021-02-17,94,"Tierra del Fuego","Sputnik V COVID19 Instituto Gamaleya",1907,1169
2021-02-17,90,"Tucumán","Sputnik V COVID19 Instituto Gamaleya",12162,8209
2021-02-18,6,"Buenos Aires","Sputnik V COVID19 Instituto Gamaleya",149049,91453
2021-02-18,2,"CABA","Sputnik V COVID19 Instituto Gamaleya",42079,21403
2021-02-18,10,"Catamarca","Sputnik V COVID19 Instituto Gamaleya",4042,2418
2021-02-18,22,"Chaco","Sputnik V COVID19 Instituto Gamaleya",9400,7465
2021-02-18,26,"Chubut","Sputnik V COVID19 Instituto Gamaleya",4384,2552
2021-02-18,18,"Corrientes","Sputnik V COVID19 Instituto Gamaleya",8300,6067
2021-02-18,14,"Córdoba","Sputnik V COVID19 Instituto Gamaleya",29420,20903
2021-02-18,30,"Entre Ríos","Sputnik V COVID19 Instituto Gamaleya",11592,8079
2021-02-18,34,"Formosa","Sputnik V COVID19 Instituto Gamaleya",3777,3166
2021-02-18,38,"Jujuy","Sputnik V COVID19 Instituto Gamaleya",7844,4334
2021-02-18,42,"La Pampa","Sputnik V COVID19 Instituto Gamaleya",4760,2189
2021-02-18,46,"La Rioja","Sputnik V COVID19 Instituto Gamaleya",4433,2658
2021-02-18,50,"Mendoza","Sputnik V COVID19 Instituto Gamaleya",13970,8652
2021-02-18,54,"Misiones","Sputnik V COVID19 Instituto Gamaleya",5886,4838
2021-02-18,58,"Neuquén","Sputnik V COVID19 Instituto Gamaleya",8198,3516
2021-02-18,62,"Río Negro","Sputnik V COVID19 Instituto Gamaleya",6195,4365
2021-02-18,66,"Salta","Sputnik V COVID19 Instituto Gamaleya",11509,7330
2021-02-18,70,"San Juan","Sputnik V COVID19 Instituto Gamaleya",6772,2768
2021-02-18,74,"San Luis","Sputnik V COVID19 Instituto Gamaleya",5070,2808
2021-02-18,78,"Santa Cruz","Sputnik V COVID19 Instituto Gamaleya",4164,2120
2021-02-18,82,"Santa Fe","Sputnik V COVID19 Instituto Gamaleya",30808,19177
2021-02-18,86,"Santiago del Estero","Sputnik V COVID19 Instituto Gamaleya",6371,4983
2021-02-18,94,"Tierra del Fuego","Sputnik V COVID19 Instituto Gamaleya",1925,1222
2021-02-18,90,"Tucumán","Sputnik V COVID19 Instituto Gamaleya",12451,8718
2021-02-19,6,"Buenos Aires","Sputnik V COVID19 Instituto Gamaleya",149474,99538
2021-02-19,2,"CABA","Sputnik V COVID19 Instituto Gamaleya",46387,21690
2021-02-19,10,"Catamarca","Sputnik V COVID19 Instituto Gamaleya",4546,2423
2021-02-19,22,"Chaco","Sputnik V COVID19 Instituto Gamaleya",10628,7481
2021-02-19,26,"Chubut","Sputnik V COVID19 Instituto Gamaleya",4616,2588
2021-02-19,18,"Corrientes","Sputnik V COVID19 Instituto Gamaleya",8405,6159
2021-02-19,14,"Córdoba","Sputnik V COVID19 Instituto Gamaleya",33316,20935
2021-02-19,30,"Entre Ríos","Sputnik V COVID19 Instituto Gamaleya",11809,8300
2021-02-19,34,"Formosa","Sputnik V COVID19 Instituto Gamaleya",3777,3166
2021-02-19,38,"Jujuy","Sputnik V COVID19 Instituto Gamaleya",8711,4333
2021-02-19,42,"La Pampa","Sputnik V COVID19 Instituto Gamaleya",5933,2189
2021-02-19,46,"La Rioja","Sputnik V COVID19 Instituto Gamaleya",4572,2658
2021-02-19,50,"Mendoza","Sputnik V COVID19 Instituto Gamaleya",14290,9081
2021-02-19,54,"Misiones","Sputnik V COVID19 Instituto Gamaleya",6309,4856
2021-02-19,58,"Neuquén","Sputnik V COVID19 Instituto Gamaleya",9568,3516
2021-02-19,62,"Río Negro","Sputnik V COVID19 Instituto Gamaleya",6349,4385
2021-02-19,66,"Salta","Sputnik V COVID19 Instituto Gamaleya",13723,7400
2021-02-19,70,"San Juan","Sputnik V COVID19 Instituto Gamaleya",7044,3071
2021-02-19,74,"San Luis","Sputnik V COVID19 Instituto Gamaleya",5334,2838
2021-02-19,78,"Santa Cruz","Sputnik V COVID19 Instituto Gamaleya",4574,2135
2021-02-19,82,"Santa Fe","Sputnik V COVID19 Instituto Gamaleya",33494,19734
2021-02-19,86,"Santiago del Estero","Sputnik V COVID19 Instituto Gamaleya",6760,5018
2021-02-19,94,"Tierra del Fuego","Sputnik V COVID19 Instituto Gamaleya",1988,1274
2021-02-19,90,"Tucumán","Sputnik V COVID19 Instituto Gamaleya",13351,8928
2021-02-20,6,"Buenos Aires","Sputnik V COVID19 Instituto Gamaleya",150727,106393
2021-02-20,2,"CABA","Sputnik V COVID19 Instituto Gamaleya",52162,22090
2021-02-20,10,"Catamarca","Sputnik V COVID19 Instituto Gamaleya",5058,2434
2021-02-20,22,"Chaco","COVISHIELD ChAdOx1nCoV COVID 19",2,0
2021-02-20,22,"Chaco","Sputnik V COVID19 Instituto Gamaleya",11975,7540
2021-02-20,26,"Chubut","Sputnik V COVID19 Instituto Gamaleya",5049,2587
2021-02-20,18,"Corrientes","Sputnik V COVID19 Instituto Gamaleya",9033,6258
2021-02-20,14,"Córdoba","Sputnik V COVID19 Instituto Gamaleya",44535,20987
2021-02-20,30,"Entre Ríos","COVISHIELD ChAdOx1nCoV COVID 19",1,0
2021-02-20,30,"Entre Ríos","Sputnik V COVID19 Instituto Gamaleya",13116,8764
2021-02-20,34,"Formosa","Sputnik V COVID19 Instituto Gamaleya",3777,3166
2021-02-20,38,"Jujuy","Sputnik V COVID19 Instituto Gamaleya",10367,4333
2021-02-20,42,"La Pampa","Sputnik V COVID19 Instituto Gamaleya",6350,2199
2021-02-20,46,"La Rioja","Sputnik V COVID19 Instituto Gamaleya",4795,2684
2021-02-20,50,"Mendoza","Sputnik V COVID19 Instituto Gamaleya",14874,9424
2021-02-20,54,"Misiones","Sputnik V COVID19 Instituto Gamaleya",8126,4878
2021-02-20,58,"Neuquén","Sputnik V COVID19 Instituto Gamaleya",11185,3516
2021-02-20,62,"Río Negro","Sputnik V COVID19 Instituto Gamaleya",8732,4393
2021-02-20,66,"Salta","COVISHIELD ChAdOx1nCoV COVID 19",20,0
2021-02-20,66,"Salta","Sputnik V COVID19 Instituto Gamaleya",16479,7443
2021-02-20,70,"San Juan","Sputnik V COVID19 Instituto Gamaleya",7340,3371
2021-02-20,74,"San Luis","Sputnik V COVID19 Instituto Gamaleya",6011,2848
2021-02-20,78,"Santa Cruz","COVISHIELD ChAdOx1nCoV COVID 19",6,0
2021-02-20,78,"Santa Cruz","Sputnik V COVID19 Instituto Gamaleya",5470,2151
2021-02-20,82,"Santa Fe","Sputnik V COVID19 Instituto Gamaleya",37193,20323
2021-02-20,86,"Santiago del Estero","COVISHIELD ChAdOx1nCoV COVID 19",1,0
2021-02-20,86,"Santiago del Estero","Sputnik V COVID19 Instituto Gamaleya",7503,5065
2021-02-20,94,"Tierra del Fuego","Sputnik V COVID19 Instituto Gamaleya",2254,1292
2021-02-20,90,"Tucumán","Sputnik V COVID19 Instituto Gamaleya",14788,9199
2021-02-21,6,"Buenos Aires","Sputnik V COVID19 Instituto Gamaleya",150727,106393
2021-02-21,2,"CABA","Sputnik V COVID19 Instituto Gamaleya",52162,22090
2021-02-21,10,"Catamarca","Sputnik V COVID19 Instituto Gamaleya",5058,2434
2021-02-21,22,"Chaco","COVISHIELD ChAdOx1nCoV COVID 19",2,0
2021-02-21,22,"Chaco","Sputnik V COVID19 Instituto Gamaleya",11975,7540
2021-02-21,26,"Chubut","Sputnik V COVID19 Instituto Gamaleya",5049,2587
2021-02-21,18,"Corrientes","Sputnik V COVID19 Instituto Gamaleya",9033,6258
2021-02-21,14,"Córdoba","Sputnik V COVID19 Instituto Gamaleya",44535,20987
2021-02-21,30,"Entre Ríos","COVISHIELD ChAdOx1nCoV COVID 19",1,0
2021-02-21,30,"Entre Ríos","Sputnik V COVID19 Instituto Gamaleya",13116,8764
2021-02-21,34,"Formosa","Sputnik V COVID19 Instituto Gamaleya",3777,3166
2021-02-21,38,"Jujuy","Sputnik V COVID19 Instituto Gamaleya",10367,4333
2021-02-21,42,"La Pampa","Sputnik V COVID19 Instituto Gamaleya",6350,2199
2021-02-21,46,"La Rioja","Sputnik V COVID19 Instituto Gamaleya",4795,2684
2021-02-21,50,"Mendoza","Sputnik V COVID19 Instituto Gamaleya",14874,9424
2021-02-21,54,"Misiones","Sputnik V COVID19 Instituto Gamaleya",8126,4878
2021-02-21,58,"Neuquén","Sputnik V COVID19 Instituto Gamaleya",11185,3516
2021-02-21,62,"Río Negro","Sputnik V COVID19 Instituto Gamaleya",8732,4393
2021-02-21,66,"Salta","COVISHIELD ChAdOx1nCoV COVID 19",20,0
2021-02-21,66,"Salta","Sputnik V COVID19 Instituto Gamaleya",16479,7443
2021-02-21,70,"San Juan","Sputnik V COVID19 Instituto Gamaleya",7340,3371
2021-02-21,74,"San Luis","Sputnik V COVID19 Instituto Gamaleya",6011,2848
2021-02-21,78,"Santa Cruz","COVISHIELD ChAdOx1nCoV COVID 19",6,0
2021-02-21,78,"Santa Cruz","Sputnik V COVID19 Instituto Gamaleya",5470,2151
2021-02-21,82,"Santa Fe","Sputnik V COVID19 Instituto Gamaleya",37193,20323
2021-02-21,86,"Santiago del Estero","COVISHIELD ChAdOx1nCoV COVID 19",1,0
2021-02-21,86,"Santiago del Estero","Sputnik V COVID19 Instituto Gamaleya",7503,5065
2021-02-21,94,"Tierra del Fuego","Sputnik V COVID19 Instituto Gamaleya",2254,1292
2021-02-21,90,"Tucumán","Sputnik V COVID19 Instituto Gamaleya",14788,9199
2021-02-22,6,"Buenos Aires","Sputnik V COVID19 Instituto Gamaleya",155712,106644
2021-02-22,2,"CABA","Sputnik V COVID19 Instituto Gamaleya",53106,22078
2021-02-22,10,"Catamarca","Sputnik V COVID19 Instituto Gamaleya",5366,2439
2021-02-22,22,"Chaco","COVISHIELD ChAdOx1nCoV COVID 19",2,0
2021-02-22,22,"Chaco","Sputnik V COVID19 Instituto Gamaleya",12520,7573
2021-02-22,26,"Chubut","COVISHIELD ChAdOx1nCoV COVID 19",76,0
2021-02-22,26,"Chubut","Sputnik V COVID19 Instituto Gamaleya",5370,2657
2021-02-22,18,"Corrientes","COVISHIELD ChAdOx1nCoV COVID 19",531,0
2021-02-22,18,"Corrientes","Sputnik V COVID19 Instituto Gamaleya",9610,6319
2021-02-22,14,"Córdoba","Sputnik V COVID19 Instituto Gamaleya",46884,21011
2021-02-22,30,"Entre Ríos","COVISHIELD ChAdOx1nCoV COVID 19",138,0
2021-02-22,30,"Entre Ríos","Sputnik V COVID19 Instituto Gamaleya",13809,8859
2021-02-22,34,"Formosa","Sputnik V COVID19 Instituto Gamaleya",3777,3166
2021-02-22,38,"Jujuy","COVISHIELD ChAdOx1nCoV COVID 19",110,0
2021-02-22,38,"Jujuy","Sputnik V COVID19 Instituto Gamaleya",10427,4333
2021-02-22,42,"La Pampa","COVISHIELD ChAdOx1nCoV COVID 19",696,0
2021-02-22,42,"La Pampa","Sputnik V COVID19 Instituto Gamaleya",6623,2201
2021-02-22,46,"La Rioja","Sputnik V COVID19 Instituto Gamaleya",5348,2684
2021-02-22,50,"Mendoza","Sputnik V COVID19 Instituto Gamaleya",15280,9723
2021-02-22,54,"Misiones","Sputnik V COVID19 Instituto Gamaleya",8883,4895
2021-02-22,58,"Neuquén","COVISHIELD ChAdOx1nCoV COVID 19",439,0
2021-02-22,58,"Neuquén","Sputnik V COVID19 Instituto Gamaleya",11496,3525
2021-02-22,62,"Río Negro","COVISHIELD ChAdOx1nCoV COVID 19",49,0
2021-02-22,62,"Río Negro","Sputnik V COVID19 Instituto Gamaleya",10080,4425
2021-02-22,66,"Salta","COVISHIELD ChAdOx1nCoV COVID 19",154,0
2021-02-22,66,"Salta","Sputnik V COVID19 Instituto Gamaleya",17405,7451
2021-02-22,70,"San Juan","Sputnik V COVID19 Instituto Gamaleya",7537,3556
2021-02-22,74,"San Luis","Sputnik V COVID19 Instituto Gamaleya",6869,2848
2021-02-22,78,"Santa Cruz","COVISHIELD ChAdOx1nCoV COVID 19",136,0
2021-02-22,78,"Santa Cruz","Sputnik V COVID19 Instituto Gamaleya",5944,2160
2021-02-22,82,"Santa Fe","COVISHIELD ChAdOx1nCoV COVID 19",1047,1
2021-02-22,82,"Santa Fe","Sputnik V COVID19 Instituto Gamaleya",39748,20621
2021-02-22,86,"Santiago del Estero","COVISHIELD ChAdOx1nCoV COVID 19",1,0
2021-02-22,86,"Santiago del Estero","Sputnik V COVID19 Instituto Gamaleya",7752,5080
2021-02-22,94,"Tierra del Fuego","COVISHIELD ChAdOx1nCoV COVID 19",1,0
2021-02-22,94,"Tierra del Fuego","Sputnik V COVID19 Instituto Gamaleya",2532,1302
2021-02-22,90,"Tucumán","COVISHIELD ChAdOx1nCoV COVID 19",129,0
2021-02-22,90,"Tucumán","Sputnik V COVID19 Instituto Gamaleya",16102,9375
2021-02-23,6,"Buenos Aires","Sputnik V COVID19 Instituto Gamaleya",155712,106644
2021-02-23,2,"CABA","Sputnik V COVID19 Instituto Gamaleya",53106,22078
2021-02-23,10,"Catamarca","Sputnik V COVID19 Instituto Gamaleya",5366,2439
2021-02-23,22,"Chaco","COVISHIELD ChAdOx1nCoV COVID 19",2,0
2021-02-23,22,"Chaco","Sputnik V COVID19 Instituto Gamaleya",12520,7573
2021-02-23,26,"Chubut","COVISHIELD ChAdOx1nCoV COVID 19",76,0
2021-02-23,26,"Chubut","Sputnik V COVID19 Instituto Gamaleya",5370,2657
2021-02-23,18,"Corrientes","COVISHIELD ChAdOx1nCoV COVID 19",531,0
2021-02-23,18,"Corrientes","Sputnik V COVID19 Instituto Gamaleya",9610,6319
2021-02-23,14,"Córdoba","Sputnik V COVID19 Instituto Gamaleya",46884,21011
2021-02-23,30,"Entre Ríos","COVISHIELD ChAdOx1nCoV COVID 19",138,0
2021-02-23,30,"Entre Ríos","Sputnik V COVID19 Instituto Gamaleya",13809,8859
2021-02-23,34,"Formosa","Sputnik V COVID19 Instituto Gamaleya",3777,3166
2021-02-23,38,"Jujuy","COVISHIELD ChAdOx1nCoV COVID 19",110,0
2021-02-23,38,"Jujuy","Sputnik V COVID19 Instituto Gamaleya",10427,4333
2021-02-23,42,"La Pampa","COVISHIELD ChAdOx1nCoV COVID 19",696,0
2021-02-23,42,"La Pampa","Sputnik V COVID19 Instituto Gamaleya",6623,2201
2021-02-23,46,"La Rioja","Sputnik V COVID19 Instituto Gamaleya",5348,2684
2021-02-23,50,"Mendoza","Sputnik V COVID19 Instituto Gamaleya",15280,9723
2021-02-23,54,"Misiones","Sputnik V COVID19 Instituto Gamaleya",8883,4895
2021-02-23,58,"Neuquén","COVISHIELD ChAdOx1nCoV COVID 19",439,0
2021-02-23,58,"Neuquén","Sputnik V COVID19 Instituto Gamaleya",11496,3525
2021-02-23,62,"Río Negro","COVISHIELD ChAdOx1nCoV COVID 19",49,0
2021-02-23,62,"Río Negro","Sputnik V COVID19 Instituto Gamaleya",10080,4425
2021-02-23,66,"Salta","COVISHIELD ChAdOx1nCoV COVID 19",154,0
2021-02-23,66,"Salta","Sputnik V COVID19 Instituto Gamaleya",17405,7451
2021-02-23,70,"San Juan","Sputnik V COVID19 Instituto Gamaleya",7537,3556
2021-02-23,74,"San Luis","Sputnik V COVID19 Instituto Gamaleya",6869,2848
2021-02-23,78,"Santa Cruz","COVISHIELD ChAdOx1nCoV COVID 19",136,0
2021-02-23,78,"Santa Cruz","Sputnik V COVID19 Instituto Gamaleya",5944,2160
2021-02-23,82,"Santa Fe","COVISHIELD ChAdOx1nCoV COVID 19",1047,1
2021-02-23,82,"Santa Fe","Sputnik V COVID19 Instituto Gamaleya",39748,20621
2021-02-23,86,"Santiago del Estero","COVISHIELD ChAdOx1nCoV COVID 19",1,0
2021-02-23,86,"Santiago del Estero","Sputnik V COVID19 Instituto Gamaleya",7752,5080
2021-02-23,94,"Tierra del Fuego","COVISHIELD ChAdOx1nCoV COVID 19",1,0
2021-02-23,94,"Tierra del Fuego","Sputnik V COVID19 Instituto Gamaleya",2532,1302
2021-02-23,90,"Tucumán","COVISHIELD ChAdOx1nCoV COVID 19",129,0
2021-02-23,90,"Tucumán","Sputnik V COVID19 Instituto Gamaleya",16102,9375
2021-02-24,6,"Buenos Aires","COVISHIELD ChAdOx1nCoV COVID 19",192,0
2021-02-24,6,"Buenos Aires","Sputnik V COVID19 Instituto Gamaleya",160182,106774
2021-02-24,2,"CABA","Sputnik V COVID19 Instituto Gamaleya",53106,22078
2021-02-24,10,"Catamarca","COVISHIELD ChAdOx1nCoV COVID 19",61,0
2021-02-24,10,"Catamarca","Sputnik V COVID19 Instituto Gamaleya",5628,2440
2021-02-24,22,"Chaco","COVISHIELD ChAdOx1nCoV COVID 19",425,2
2021-02-24,22,"Chaco","Sputnik V COVID19 Instituto Gamaleya",13340,7592
2021-02-24,26,"Chubut","COVISHIELD ChAdOx1nCoV COVID 19",152,0
2021-02-24,26,"Chubut","Sputnik V COVID19 Instituto Gamaleya",5629,2724
2021-02-24,18,"Corrientes","COVISHIELD ChAdOx1nCoV COVID 19",1270,6
2021-02-24,18,"Corrientes","Sputnik V COVID19 Instituto Gamaleya",10181,6529
2021-02-24,14,"Córdoba","Sputnik V COVID19 Instituto Gamaleya",48578,21367
2021-02-24,30,"Entre Ríos","COVISHIELD ChAdOx1nCoV COVID 19",483,0
2021-02-24,30,"Entre Ríos","Sputnik V COVID19 Instituto Gamaleya",14895,8994
2021-02-24,34,"Formosa","Sputnik V COVID19 Instituto Gamaleya",3777,3166
2021-02-24,38,"Jujuy","COVISHIELD ChAdOx1nCoV COVID 19",152,0
2021-02-24,38,"Jujuy","Sputnik V COVID19 Instituto Gamaleya",10697,4333
2021-02-24,42,"La Pampa","COVISHIELD ChAdOx1nCoV COVID 19",1651,0
2021-02-24,42,"La Pampa","Sputnik V COVID19 Instituto Gamaleya",6682,2206
2021-02-24,46,"La Rioja","COVISHIELD ChAdOx1nCoV COVID 19",201,0
2021-02-24,46,"La Rioja","Sputnik V COVID19 Instituto Gamaleya",6299,2684
2021-02-24,50,"Mendoza","COVISHIELD ChAdOx1nCoV COVID 19",147,1
2021-02-24,50,"Mendoza","Sputnik V COVID19 Instituto Gamaleya",15632,9878
2021-02-24,54,"Misiones","COVISHIELD ChAdOx1nCoV COVID 19",2043,2
2021-02-24,54,"Misiones","Sputnik V COVID19 Instituto Gamaleya",9198,4938
2021-02-24,58,"Neuquén","COVISHIELD ChAdOx1nCoV COVID 19",2544,0
2021-02-24,58,"Neuquén","Sputnik V COVID19 Instituto Gamaleya",11515,3530
2021-02-24,62,"Río Negro","COVISHIELD ChAdOx1nCoV COVID 19",1533,0
2021-02-24,62,"Río Negro","Sputnik V COVID19 Instituto Gamaleya",11131,4425
2021-02-24,66,"Salta","COVISHIELD ChAdOx1nCoV COVID 19",2421,0
2021-02-24,66,"Salta","Sputnik V COVID19 Instituto Gamaleya",18089,7698
2021-02-24,70,"San Juan","Sputnik V COVID19 Instituto Gamaleya",7800,3723
2021-02-24,74,"San Luis","COVISHIELD ChAdOx1nCoV COVID 19",205,0
2021-02-24,74,"San Luis","Sputnik V COVID19 Instituto Gamaleya",7674,2848
2021-02-24,78,"Santa Cruz","COVISHIELD ChAdOx1nCoV COVID 19",306,0
2021-02-24,78,"Santa Cruz","Sputnik V COVID19 Instituto Gamaleya",6096,2167
2021-02-24,82,"Santa Fe","COVISHIELD ChAdOx1nCoV COVID 19",2420,2
2021-02-24,82,"Santa Fe","Sputnik V COVID19 Instituto Gamaleya",42521,20908
2021-02-24,86,"Santiago del Estero","COVISHIELD ChAdOx1nCoV COVID 19",1,0
2021-02-24,86,"Santiago del Estero","Sputnik V COVID19 Instituto Gamaleya",7998,5103
2021-02-24,94,"Tierra del Fuego","Sputnik V COVID19 Instituto Gamaleya",2780,1302
2021-02-24,90,"Tucumán","COVISHIELD ChAdOx1nCoV COVID 19",335,0
2021-02-24,90,"Tucumán","Sputnik V COVID19 Instituto Gamaleya",17424,9641
2021-02-25,6,"Buenos Aires","COVISHIELD ChAdOx1nCoV COVID 19",2764,0
2021-02-25,6,"Buenos Aires","Sputnik V COVID19 Instituto Gamaleya",164814,107035
2021-02-25,2,"CABA","Sputnik V COVID19 Instituto Gamaleya",53168,22076
2021-02-25,10,"Catamarca","COVISHIELD ChAdOx1nCoV COVID 19",367,0
2021-02-25,10,"Catamarca","Sputnik V COVID19 Instituto Gamaleya",5950,2441
2021-02-25,22,"Chaco","COVISHIELD ChAdOx1nCoV COVID 19",821,2
2021-02-25,22,"Chaco","Sputnik V COVID19 Instituto Gamaleya",13965,7604
2021-02-25,26,"Chubut","COVISHIELD ChAdOx1nCoV COVID 19",329,0
2021-02-25,26,"Chubut","Sputnik V COVID19 Instituto Gamaleya",6048,2839
2021-02-25,18,"Corrientes","COVISHIELD ChAdOx1nCoV COVID 19",1585,7
2021-02-25,18,"Corrientes","Sputnik V COVID19 Instituto Gamaleya",11070,6812
2021-02-25,14,"Córdoba","COVISHIELD ChAdOx1nCoV COVID 19",9814,0
2021-02-25,14,"Córdoba","Sputnik V COVID19 Instituto Gamaleya",49347,21680
2021-02-25,30,"Entre Ríos","COVISHIELD ChAdOx1nCoV COVID 19",959,0
2021-02-25,30,"Entre Ríos","Sputnik V COVID19 Instituto Gamaleya",15943,9163
2021-02-25,34,"Formosa","Sputnik V COVID19 Instituto Gamaleya",3777,3166
2021-02-25,38,"Jujuy","COVISHIELD ChAdOx1nCoV COVID 19",877,0
2021-02-25,38,"Jujuy","Sputnik V COVID19 Instituto Gamaleya",10971,4903
2021-02-25,42,"La Pampa","COVISHIELD ChAdOx1nCoV COVID 19",2319,0
2021-02-25,42,"La Pampa","Sputnik V COVID19 Instituto Gamaleya",6682,2718
2021-02-25,46,"La Rioja","COVISHIELD ChAdOx1nCoV COVID 19",519,0
2021-02-25,46,"La Rioja","Sputnik V COVID19 Instituto Gamaleya",6832,2854
2021-02-25,50,"Mendoza","COVISHIELD ChAdOx1nCoV COVID 19",252,1
2021-02-25,50,"Mendoza","Sputnik V COVID19 Instituto Gamaleya",16021,9976
2021-02-25,54,"Misiones","COVISHIELD ChAdOx1nCoV COVID 19",3825,7
2021-02-25,54,"Misiones","Sputnik V COVID19 Instituto Gamaleya",9388,4953
2021-02-25,58,"Neuquén","COVISHIELD ChAdOx1nCoV COVID 19",3628,0
2021-02-25,58,"Neuquén","Sputnik V COVID19 Instituto Gamaleya",11526,3530
2021-02-25,62,"Río Negro","COVISHIELD ChAdOx1nCoV COVID 19",3450,0
2021-02-25,62,"Río Negro","Sputnik V COVID19 Instituto Gamaleya",11509,4725
2021-02-25,66,"Salta","COVISHIELD ChAdOx1nCoV COVID 19",5699,3
2021-02-25,66,"Salta","Sputnik V COVID19 Instituto Gamaleya",18558,8013
2021-02-25,70,"San Juan","COVISHIELD ChAdOx1nCoV COVID 19",705,1
2021-02-25,70,"San Juan","Sputnik V COVID19 Instituto Gamaleya",8111,3966
2021-02-25,74,"San Luis","COVISHIELD ChAdOx1nCoV COVID 19",326,0
2021-02-25,74,"San Luis","Sputnik V COVID19 Instituto Gamaleya",8411,2858
2021-02-25,78,"Santa Cruz","COVISHIELD ChAdOx1nCoV COVID 19",1049,1
2021-02-25,78,"Santa Cruz","Sputnik V COVID19 Instituto Gamaleya",6195,2177
2021-02-25,82,"Santa Fe","COVISHIELD ChAdOx1nCoV COVID 19",4379,2
2021-02-25,82,"Santa Fe","Sputnik V COVID19 Instituto Gamaleya",45182,21121
2021-02-25,86,"Santiago del Estero","COVISHIELD ChAdOx1nCoV COVID 19",1,0
2021-02-25,86,"Santiago del Estero","Sputnik V COVID19 Instituto Gamaleya",8402,5180
2021-02-25,94,"Tierra del Fuego","Sputnik V COVID19 Instituto Gamaleya",2932,1335
2021-02-25,90,"Tucumán","COVISHIELD ChAdOx1nCoV COVID 19",1575,0
2021-02-25,90,"Tucumán","Sputnik V COVID19 Instituto Gamaleya",18786,9852
2021-02-26,6,"Buenos Aires","COVISHIELD ChAdOx1nCoV COVID 19",16106,0
2021-02-26,6,"Buenos Aires","Sputnik V COVID19 Instituto Gamaleya",171109,111897
2021-02-26,2,"CABA","Sputnik V COVID19 Instituto Gamaleya",65947,25668
2021-02-26,10,"Catamarca","COVISHIELD ChAdOx1nCoV COVID 19",668,0
2021-02-26,10,"Catamarca","Sputnik V COVID19 Instituto Gamaleya",6130,2673
2021-02-26,22,"Chaco","COVISHIELD ChAdOx1nCoV COVID 19",1636,1
2021-02-26,22,"Chaco","Sputnik V COVID19 Instituto Gamaleya",14752,7698
2021-02-26,26,"Chubut","COVISHIELD ChAdOx1nCoV COVID 19",592,0
2021-02-26,26,"Chubut","Sputnik V COVID19 Instituto Gamaleya",6451,2934
2021-02-26,18,"Corrientes","COVISHIELD ChAdOx1nCoV COVID 19",1808,1
2021-02-26,18,"Corrientes","Sputnik V COVID19 Instituto Gamaleya",11884,7048
2021-02-26,14,"Córdoba","COVISHIELD ChAdOx1nCoV COVID 19",13348,0
2021-02-26,14,"Córdoba","Sputnik V COVID19 Instituto Gamaleya",50038,22225
2021-02-26,30,"Entre Ríos","COVISHIELD ChAdOx1nCoV COVID 19",1373,0
2021-02-26,30,"Entre Ríos","Sputnik V COVID19 Instituto Gamaleya",16843,9300
2021-02-26,34,"Formosa","COVISHIELD ChAdOx1nCoV COVID 19",37,0
2021-02-26,34,"Formosa","Sputnik V COVID19 Instituto Gamaleya",4139,3182
2021-02-26,38,"Jujuy","COVISHIELD ChAdOx1nCoV COVID 19",1507,0
2021-02-26,38,"Jujuy","Sputnik V COVID19 Instituto Gamaleya",11190,4903
2021-02-26,42,"La Pampa","COVISHIELD ChAdOx1nCoV COVID 19",2754,0
2021-02-26,42,"La Pampa","Sputnik V COVID19 Instituto Gamaleya",6682,2994
2021-02-26,46,"La Rioja","COVISHIELD ChAdOx1nCoV COVID 19",1491,0
2021-02-26,46,"La Rioja","Sputnik V COVID19 Instituto Gamaleya",7044,3033
2021-02-26,50,"Mendoza","COVISHIELD ChAdOx1nCoV COVID 19",472,2
2021-02-26,50,"Mendoza","Sputnik V COVID19 Instituto Gamaleya",16334,10087
2021-02-26,54,"Misiones","COVISHIELD ChAdOx1nCoV COVID 19",5962,15
2021-02-26,54,"Misiones","Sputnik V COVID19 Instituto Gamaleya",9583,4981
2021-02-26,58,"Neuquén","COVISHIELD ChAdOx1nCoV COVID 19",4459,0
2021-02-26,58,"Neuquén","Sputnik V COVID19 Instituto Gamaleya",11526,3530
2021-02-26,62,"Río Negro","COVISHIELD ChAdOx1nCoV COVID 19",4820,2
2021-02-26,62,"Río Negro","Sputnik V COVID19 Instituto Gamaleya",11578,5116
2021-02-26,66,"Salta","COVISHIELD ChAdOx1nCoV COVID 19",8842,1
2021-02-26,66,"Salta","Sputnik V COVID19 Instituto Gamaleya",18865,8623
2021-02-26,70,"San Juan","COVISHIELD ChAdOx1nCoV COVID 19",1797,1
2021-02-26,70,"San Juan","Sputnik V COVID19 Instituto Gamaleya",8397,4177
2021-02-26,74,"San Luis","COVISHIELD ChAdOx1nCoV COVID 19",1316,0
2021-02-26,74,"San Luis","Sputnik V COVID19 Instituto Gamaleya",8683,3055
2021-02-26,78,"Santa Cruz","COVISHIELD ChAdOx1nCoV COVID 19",1775,2
2021-02-26,78,"Santa Cruz","Sputnik V COVID19 Instituto Gamaleya",6261,2177
2021-02-26,82,"Santa Fe","COVISHIELD ChAdOx1nCoV COVID 19",7134,5
2021-02-26,82,"Santa Fe","Sputnik V COVID19 Instituto Gamaleya",46950,21555
2021-02-26,86,"Santiago del Estero","COVISHIELD ChAdOx1nCoV COVID 19",114,0
2021-02-26,86,"Santiago del Estero","Sputnik V COVID19 Instituto Gamaleya",8841,5205
2021-02-26,94,"Tierra del Fuego","COVISHIELD ChAdOx1nCoV COVID 19",31,0
2021-02-26,94,"Tierra del Fuego","Sputnik V COVID19 Instituto Gamaleya",3005,1337
2021-02-26,90,"Tucumán","COVISHIELD ChAdOx1nCoV COVID 19",1575,0
2021-02-26,90,"Tucumán","Sputnik V COVID19 Instituto Gamaleya",18786,9852
2021-02-27,6,"Buenos Aires","COVISHIELD ChAdOx1nCoV COVID 19",28870,0
2021-02-27,6,"Buenos Aires","Sputnik V COVID19 Instituto Gamaleya",198102,114878
2021-02-27,2,"CABA","COVISHIELD ChAdOx1nCoV COVID 19",17383,6
2021-02-27,2,"CABA","Sputnik V COVID19 Instituto Gamaleya",66242,25671
2021-02-27,10,"Catamarca","COVISHIELD ChAdOx1nCoV COVID 19",1236,0
2021-02-27,10,"Catamarca","Sputnik V COVID19 Instituto Gamaleya",6138,3130
2021-02-27,22,"Chaco","COVISHIELD ChAdOx1nCoV COVID 19",2823,0
2021-02-27,22,"Chaco","Sputnik V COVID19 Instituto Gamaleya",15261,7773
2021-02-27,26,"Chubut","COVISHIELD ChAdOx1nCoV COVID 19",907,0
2021-02-27,26,"Chubut","Sputnik V COVID19 Instituto Gamaleya",7209,3120
2021-02-27,18,"Corrientes","COVISHIELD ChAdOx1nCoV COVID 19",2117,1
2021-02-27,18,"Corrientes","Sputnik V COVID19 Instituto Gamaleya",13077,7307
2021-02-27,14,"Córdoba","COVISHIELD ChAdOx1nCoV COVID 19",24448,0
2021-02-27,14,"Córdoba","Sputnik V COVID19 Instituto Gamaleya",50503,23294
2021-02-27,30,"Entre Ríos","COVISHIELD ChAdOx1nCoV COVID 19",2548,0
2021-02-27,30,"Entre Ríos","Sputnik V COVID19 Instituto Gamaleya",17878,9570
2021-02-27,34,"Formosa","COVISHIELD ChAdOx1nCoV COVID 19",3218,0
2021-02-27,34,"Formosa","Sputnik V COVID19 Instituto Gamaleya",5336,3189
2021-02-27,38,"Jujuy","COVISHIELD ChAdOx1nCoV COVID 19",4657,0
2021-02-27,38,"Jujuy","Sputnik V COVID19 Instituto Gamaleya",11491,5623
2021-02-27,42,"La Pampa","COVISHIELD ChAdOx1nCoV COVID 19",3277,0
2021-02-27,42,"La Pampa","Sputnik V COVID19 Instituto Gamaleya",6698,3414
2021-02-27,46,"La Rioja","COVISHIELD ChAdOx1nCoV COVID 19",2572,2
2021-02-27,46,"La Rioja","Sputnik V COVID19 Instituto Gamaleya",7057,3254
2021-02-27,50,"Mendoza","COVISHIELD ChAdOx1nCoV COVID 19",768,1
2021-02-27,50,"Mendoza","Sputnik V COVID19 Instituto Gamaleya",16818,10431
2021-02-27,54,"Misiones","COVISHIELD ChAdOx1nCoV COVID 19",8146,17
2021-02-27,54,"Misiones","Sputnik V COVID19 Instituto Gamaleya",9862,5096
2021-02-27,58,"Neuquén","COVISHIELD ChAdOx1nCoV COVID 19",5394,0
2021-02-27,58,"Neuquén","Sputnik V COVID19 Instituto Gamaleya",11555,3567
2021-02-27,62,"Río Negro","COVISHIELD ChAdOx1nCoV COVID 19",6455,1
2021-02-27,62,"Río Negro","Sputnik V COVID19 Instituto Gamaleya",11888,5680
2021-02-27,66,"Salta","COVISHIELD ChAdOx1nCoV COVID 19",11948,1
2021-02-27,66,"Salta","Sputnik V COVID19 Instituto Gamaleya",19267,8996
2021-02-27,70,"San Juan","COVISHIELD ChAdOx1nCoV COVID 19",2724,0
2021-02-27,70,"San Juan","Sputnik V COVID19 Instituto Gamaleya",8703,4435
2021-02-27,74,"San Luis","COVISHIELD ChAdOx1nCoV COVID 19",2852,0
2021-02-27,74,"San Luis","Sputnik V COVID19 Instituto Gamaleya",9486,3385
2021-02-27,78,"Santa Cruz","COVISHIELD ChAdOx1nCoV COVID 19",2193,2
2021-02-27,78,"Santa Cruz","Sputnik V COVID19 Instituto Gamaleya",6319,2640
2021-02-27,82,"Santa Fe","COVISHIELD ChAdOx1nCoV COVID 19",11033,11
2021-02-27,82,"Santa Fe","Sputnik V COVID19 Instituto Gamaleya",48892,21930
2021-02-27,86,"Santiago del Estero","COVISHIELD ChAdOx1nCoV COVID 19",2257,4
2021-02-27,86,"Santiago del Estero","Sputnik V COVID19 Instituto Gamaleya",9795,5272
2021-02-27,94,"Tierra del Fuego","COVISHIELD ChAdOx1nCoV COVID 19",53,0
2021-02-27,94,"Tierra del Fuego","Sputnik V COVID19 Instituto Gamaleya",3016,1666
2021-02-27,90,"Tucumán","COVISHIELD ChAdOx1nCoV COVID 19",3683,0
2021-02-27,90,"Tucumán","Sputnik V COVID19 Instituto Gamaleya",19416,10065
2021-02-28,6,"Buenos Aires","COVISHIELD ChAdOx1nCoV COVID 19",28870,0
2021-02-28,6,"Buenos Aires","Sputnik V COVID19 Instituto Gamaleya",198102,114878
2021-02-28,2,"CABA","COVISHIELD ChAdOx1nCoV COVID 19",17383,6
2021-02-28,2,"CABA","Sputnik V COVID19 Instituto Gamaleya",66242,25671
2021-02-28,10,"Catamarca","COVISHIELD ChAdOx1nCoV COVID 19",1236,0
2021-02-28,10,"Catamarca","Sputnik V COVID19 Instituto Gamaleya",6138,3130
2021-02-28,22,"Chaco","COVISHIELD ChAdOx1nCoV COVID 19",2823,0
2021-02-28,22,"Chaco","Sputnik V COVID19 Instituto Gamaleya",15261,7773
2021-02-28,26,"Chubut","COVISHIELD ChAdOx1nCoV COVID 19",907,0
2021-02-28,26,"Chubut","Sputnik V COVID19 Instituto Gamaleya",7209,3120
2021-02-28,18,"Corrientes","COVISHIELD ChAdOx1nCoV COVID 19",2117,1
2021-02-28,18,"Corrientes","Sputnik V COVID19 Instituto Gamaleya",13077,7307
2021-02-28,14,"Córdoba","COVISHIELD ChAdOx1nCoV COVID 19",24448,0
2021-02-28,14,"Córdoba","Sputnik V COVID19 Instituto Gamaleya",50503,23294
2021-02-28,30,"Entre Ríos","COVISHIELD ChAdOx1nCoV COVID 19",2548,0
2021-02-28,30,"Entre Ríos","Sputnik V COVID19 Instituto Gamaleya",17878,9570
2021-02-28,34,"Formosa","COVISHIELD ChAdOx1nCoV COVID 19",3218,0
2021-02-28,34,"Formosa","Sputnik V COVID19 Instituto Gamaleya",5336,3189
2021-02-28,38,"Jujuy","COVISHIELD ChAdOx1nCoV COVID 19",4657,0
2021-02-28,38,"Jujuy","Sputnik V COVID19 Instituto Gamaleya",11491,5623
2021-02-28,42,"La Pampa","COVISHIELD ChAdOx1nCoV COVID 19",3277,0
2021-02-28,42,"La Pampa","Sputnik V COVID19 Instituto Gamaleya",6698,3414
2021-02-28,46,"La Rioja","COVISHIELD ChAdOx1nCoV COVID 19",2572,2
2021-02-28,46,"La Rioja","Sputnik V COVID19 Instituto Gamaleya",7057,3254
2021-02-28,50,"Mendoza","COVISHIELD ChAdOx1nCoV COVID 19",768,1
2021-02-28,50,"Mendoza","Sputnik V COVID19 Instituto Gamaleya",16818,10431
2021-02-28,54,"Misiones","COVISHIELD ChAdOx1nCoV COVID 19",8146,17
2021-02-28,54,"Misiones","Sputnik V COVID19 Instituto Gamaleya",9862,5096
2021-02-28,58,"Neuquén","COVISHIELD ChAdOx1nCoV COVID 19",5394,0
2021-02-28,58,"Neuquén","Sputnik V COVID19 Instituto Gamaleya",11555,3567
2021-02-28,62,"Río Negro","COVISHIELD ChAdOx1nCoV COVID 19",6455,1
2021-02-28,62,"Río Negro","Sputnik V COVID19 Instituto Gamaleya",11888,5680
2021-02-28,66,"Salta","COVISHIELD ChAdOx1nCoV COVID 19",11948,1
2021-02-28,66,"Salta","Sputnik V COVID19 Instituto Gamaleya",19267,8996
2021-02-28,70,"San Juan","COVISHIELD ChAdOx1nCoV COVID 19",2724,0
2021-02-28,70,"San Juan","Sputnik V COVID19 Instituto Gamaleya",8703,4435
2021-02-28,74,"San Luis","COVISHIELD ChAdOx1nCoV COVID 19",2852,0
2021-02-28,74,"San Luis","Sputnik V COVID19 Instituto Gamaleya",9486,3385
2021-02-28,78,"Santa Cruz","COVISHIELD ChAdOx1nCoV COVID 19",2193,2
2021-02-28,78,"Santa Cruz","Sputnik V COVID19 Instituto Gamaleya",6319,2640
2021-02-28,82,"Santa Fe","COVISHIELD ChAdOx1nCoV COVID 19",11033,11
2021-02-28,82,"Santa Fe","Sputnik V COVID19 Instituto Gamaleya",48892,21930
2021-02-28,86,"Santiago del Estero","COVISHIELD ChAdOx1nCoV COVID 19",2257,4
2021-02-28,86,"Santiago del Estero","Sputnik V COVID19 Instituto Gamaleya",9795,5272
2021-02-28,94,"Tierra del Fuego","COVISHIELD ChAdOx1nCoV COVID 19",53,0
2021-02-28,94,"Tierra del Fuego","Sputnik V COVID19 Instituto Gamaleya",3016,1666
2021-02-28,90,"Tucumán","COVISHIELD ChAdOx1nCoV COVID 19",3683,0
2021-02-28,90,"Tucumán","Sputnik V COVID19 Instituto Gamaleya",19416,10065
2021-03-01,6,"Buenos Aires","COVISHIELD ChAdOx1nCoV COVID 19",29256,0
2021-03-01,6,"Buenos Aires","Sputnik V COVID19 Instituto Gamaleya",213791,114886
2021-03-01,2,"CABA","COVISHIELD ChAdOx1nCoV COVID 19",17435,21
2021-03-01,2,"CABA","Sputnik V COVID19 Instituto Gamaleya",66311,25671
2021-03-01,10,"Catamarca","COVISHIELD ChAdOx1nCoV COVID 19",1248,0
2021-03-01,10,"Catamarca","Sputnik V COVID19 Instituto Gamaleya",6138,3130
2021-03-01,22,"Chaco","COVISHIELD ChAdOx1nCoV COVID 19",2823,0
2021-03-01,22,"Chaco","Sputnik V COVID19 Instituto Gamaleya",15261,7773
2021-03-01,26,"Chubut","COVISHIELD ChAdOx1nCoV COVID 19",915,0
2021-03-01,26,"Chubut","Sputnik V COVID19 Instituto Gamaleya",7207,3120
2021-03-01,18,"Corrientes","COVISHIELD ChAdOx1nCoV COVID 19",2117,1
2021-03-01,18,"Corrientes","Sputnik V COVID19 Instituto Gamaleya",13156,7307
2021-03-01,14,"Córdoba","COVISHIELD ChAdOx1nCoV COVID 19",24497,0
2021-03-01,14,"Córdoba","Sputnik V COVID19 Instituto Gamaleya",50503,23304
2021-03-01,30,"Entre Ríos","COVISHIELD ChAdOx1nCoV COVID 19",2703,0
2021-03-01,30,"Entre Ríos","Sputnik V COVID19 Instituto Gamaleya",18010,9584
2021-03-01,34,"Formosa","COVISHIELD ChAdOx1nCoV COVID 19",3218,0
2021-03-01,34,"Formosa","Sputnik V COVID19 Instituto Gamaleya",5336,3189
2021-03-01,38,"Jujuy","COVISHIELD ChAdOx1nCoV COVID 19",4742,0
2021-03-01,38,"Jujuy","Sputnik V COVID19 Instituto Gamaleya",11492,5623
2021-03-01,42,"La Pampa","COVISHIELD ChAdOx1nCoV COVID 19",3337,0
2021-03-01,42,"La Pampa","Sputnik V COVID19 Instituto Gamaleya",6702,3517
2021-03-01,46,"La Rioja","COVISHIELD ChAdOx1nCoV COVID 19",2578,2
2021-03-01,46,"La Rioja","Sputnik V COVID19 Instituto Gamaleya",7057,3254
2021-03-01,50,"Mendoza","COVISHIELD ChAdOx1nCoV COVID 19",802,1
2021-03-01,50,"Mendoza","Sputnik V COVID19 Instituto Gamaleya",16818,10431
2021-03-01,54,"Misiones","COVISHIELD ChAdOx1nCoV COVID 19",8310,17
2021-03-01,54,"Misiones","Sputnik V COVID19 Instituto Gamaleya",9896,5096
2021-03-01,58,"Neuquén","COVISHIELD ChAdOx1nCoV COVID 19",5394,0
2021-03-01,58,"Neuquén","Sputnik V COVID19 Instituto Gamaleya",11555,3567
2021-03-01,62,"Río Negro","COVISHIELD ChAdOx1nCoV COVID 19",6465,1
2021-03-01,62,"Río Negro","Sputnik V COVID19 Instituto Gamaleya",11915,5680
2021-03-01,66,"Salta","COVISHIELD ChAdOx1nCoV COVID 19",12034,1
2021-03-01,66,"Salta","Sputnik V COVID19 Instituto Gamaleya",19267,8996
2021-03-01,70,"San Juan","COVISHIELD ChAdOx1nCoV COVID 19",2724,0
2021-03-01,70,"San Juan","Sputnik V COVID19 Instituto Gamaleya",8703,4435
2021-03-01,74,"San Luis","COVISHIELD ChAdOx1nCoV COVID 19",2852,0
2021-03-01,74,"San Luis","Sputnik V COVID19 Instituto Gamaleya",9486,3385
2021-03-01,78,"Santa Cruz","COVISHIELD ChAdOx1nCoV COVID 19",2234,0
2021-03-01,78,"Santa Cruz","Sputnik V COVID19 Instituto Gamaleya",6319,2640
2021-03-01,82,"Santa Fe","COVISHIELD ChAdOx1nCoV COVID 19",11063,11
2021-03-01,82,"Santa Fe","Sputnik V COVID19 Instituto Gamaleya",48892,21930
2021-03-01,86,"Santiago del Estero","COVISHIELD ChAdOx1nCoV COVID 19",5533,9
2021-03-01,86,"Santiago del Estero","Sputnik V COVID19 Instituto Gamaleya",9836,5272
2021-03-01,94,"Tierra del Fuego","COVISHIELD ChAdOx1nCoV COVID 19",53,0
2021-03-01,94,"Tierra del Fuego","Sputnik V COVID19 Instituto Gamaleya",3016,1666
2021-03-01,90,"Tucumán","COVISHIELD ChAdOx1nCoV COVID 19",5977,0
2021-03-01,90,"Tucumán","Sputnik V COVID19 Instituto Gamaleya",20235,10437
2021-03-02,6,"Buenos Aires","COVISHIELD ChAdOx1nCoV COVID 19",64782,0
2021-03-02,6,"Buenos Aires","Sputnik V COVID19 Instituto Gamaleya",240015,115551
2021-03-02,2,"CABA","COVISHIELD ChAdOx1nCoV COVID 19",25896,25
2021-03-02,2,"CABA","Sputnik V COVID19 Instituto Gamaleya",75926,30433
2021-03-02,10,"Catamarca","COVISHIELD ChAdOx1nCoV COVID 19",2066,1
2021-03-02,10,"Catamarca","Sputnik V COVID19 Instituto Gamaleya",6519,3356
2021-03-02,22,"Chaco","COVISHIELD ChAdOx1nCoV COVID 19",6591,6
2021-03-02,22,"Chaco","Sinopharm Vacuna SARSCOV 2 inactivada",6,0
2021-03-02,22,"Chaco","Sputnik V COVID19 Instituto Gamaleya",16367,7984
2021-03-02,26,"Chubut","COVISHIELD ChAdOx1nCoV COVID 19",1665,0
2021-03-02,26,"Chubut","Sputnik V COVID19 Instituto Gamaleya",7769,3425
2021-03-02,18,"Corrientes","COVISHIELD ChAdOx1nCoV COVID 19",3401,0
2021-03-02,18,"Corrientes","Sputnik V COVID19 Instituto Gamaleya",14275,7532
2021-03-02,14,"Córdoba","COVISHIELD ChAdOx1nCoV COVID 19",27754,0
2021-03-02,14,"Córdoba","Sputnik V COVID19 Instituto Gamaleya",51811,23780
2021-03-02,30,"Entre Ríos","COVISHIELD ChAdOx1nCoV COVID 19",4134,0
2021-03-02,30,"Entre Ríos","Sputnik V COVID19 Instituto Gamaleya",18740,10354
2021-03-02,34,"Formosa","COVISHIELD ChAdOx1nCoV COVID 19",3219,0
2021-03-02,34,"Formosa","Sputnik V COVID19 Instituto Gamaleya",5340,3189
2021-03-02,38,"Jujuy","COVISHIELD ChAdOx1nCoV COVID 19",6578,0
2021-03-02,38,"Jujuy","Sinopharm Vacuna SARSCOV 2 inactivada",319,1
2021-03-02,38,"Jujuy","Sputnik V COVID19 Instituto Gamaleya",12430,5907
2021-03-02,42,"La Pampa","COVISHIELD ChAdOx1nCoV COVID 19",3987,0
2021-03-02,42,"La Pampa","Sinopharm Vacuna SARSCOV 2 inactivada",108,0
2021-03-02,42,"La Pampa","Sputnik V COVID19 Instituto Gamaleya",6735,3615
2021-03-02,46,"La Rioja","COVISHIELD ChAdOx1nCoV COVID 19",3439,2
2021-03-02,46,"La Rioja","Sinopharm Vacuna SARSCOV 2 inactivada",149,0
2021-03-02,46,"La Rioja","Sputnik V COVID19 Instituto Gamaleya",7069,3499
2021-03-02,50,"Mendoza","COVISHIELD ChAdOx1nCoV COVID 19",1392,1
2021-03-02,50,"Mendoza","Sputnik V COVID19 Instituto Gamaleya",19709,10727
2021-03-02,54,"Misiones","COVISHIELD ChAdOx1nCoV COVID 19",10020,22
2021-03-02,54,"Misiones","Sinopharm Vacuna SARSCOV 2 inactivada",115,0
2021-03-02,54,"Misiones","Sputnik V COVID19 Instituto Gamaleya",9962,5208
2021-03-02,58,"Neuquén","COVISHIELD ChAdOx1nCoV COVID 19",5596,0
2021-03-02,58,"Neuquén","Sputnik V COVID19 Instituto Gamaleya",11576,4543
2021-03-02,62,"Río Negro","COVISHIELD ChAdOx1nCoV COVID 19",7700,1
2021-03-02,62,"Río Negro","Sputnik V COVID19 Instituto Gamaleya",12018,5754
2021-03-02,66,"Salta","COVISHIELD ChAdOx1nCoV COVID 19",14067,1
2021-03-02,66,"Salta","Sputnik V COVID19 Instituto Gamaleya",19664,9145
2021-03-02,70,"San Juan","COVISHIELD ChAdOx1nCoV COVID 19",2956,0
2021-03-02,70,"San Juan","Sputnik V COVID19 Instituto Gamaleya",9274,4842
2021-03-02,74,"San Luis","COVISHIELD ChAdOx1nCoV COVID 19",4406,0
2021-03-02,74,"San Luis","Sputnik V COVID19 Instituto Gamaleya",9494,3922
2021-03-02,78,"Santa Cruz","COVISHIELD ChAdOx1nCoV COVID 19",3045,1
2021-03-02,78,"Santa Cruz","Sputnik V COVID19 Instituto Gamaleya",6382,3288
2021-03-02,82,"Santa Fe","COVISHIELD ChAdOx1nCoV COVID 19",12448,11
2021-03-02,82,"Santa Fe","Sputnik V COVID19 Instituto Gamaleya",50315,22555
2021-03-02,86,"Santiago del Estero","COVISHIELD ChAdOx1nCoV COVID 19",6162,0
2021-03-02,86,"Santiago del Estero","Sputnik V COVID19 Instituto Gamaleya",10316,5279
2021-03-02,94,"Tierra del Fuego","COVISHIELD ChAdOx1nCoV COVID 19",642,0
2021-03-02,94,"Tierra del Fuego","Sputnik V COVID19 Instituto Gamaleya",3085,1779
2021-03-02,90,"Tucumán","COVISHIELD ChAdOx1nCoV COVID 19",6648,0
2021-03-02,90,"Tucumán","Sinopharm Vacuna SARSCOV 2 inactivada",207,0
2021-03-02,90,"Tucumán","Sputnik V COVID19 Instituto Gamaleya",20627,10637
2021-03-03,6,"Buenos Aires","COVISHIELD ChAdOx1nCoV COVID 19",64782,0
2021-03-03,6,"Buenos Aires","Sputnik V COVID19 Instituto Gamaleya",240015,115551
2021-03-03,2,"CABA","COVISHIELD ChAdOx1nCoV COVID 19",25896,25
2021-03-03,2,"CABA","Sputnik V COVID19 Instituto Gamaleya",75926,30433
2021-03-03,10,"Catamarca","COVISHIELD ChAdOx1nCoV COVID 19",2066,1
2021-03-03,10,"Catamarca","Sputnik V COVID19 Instituto Gamaleya",6519,3356
2021-03-03,22,"Chaco","COVISHIELD ChAdOx1nCoV COVID 19",6591,6
2021-03-03,22,"Chaco","Sinopharm Vacuna SARSCOV 2 inactivada",6,0
2021-03-03,22,"Chaco","Sputnik V COVID19 Instituto Gamaleya",16367,7984
2021-03-03,26,"Chubut","COVISHIELD ChAdOx1nCoV COVID 19",1665,0
2021-03-03,26,"Chubut","Sputnik V COVID19 Instituto Gamaleya",7769,3425
2021-03-03,18,"Corrientes","COVISHIELD ChAdOx1nCoV COVID 19",3401,0
2021-03-03,18,"Corrientes","Sputnik V COVID19 Instituto Gamaleya",14275,7532
2021-03-03,14,"Córdoba","COVISHIELD ChAdOx1nCoV COVID 19",27754,0
2021-03-03,14,"Córdoba","Sputnik V COVID19 Instituto Gamaleya",51811,23780
2021-03-03,30,"Entre Ríos","COVISHIELD ChAdOx1nCoV COVID 19",4134,0
2021-03-03,30,"Entre Ríos","Sputnik V COVID19 Instituto Gamaleya",18740,10354
2021-03-03,34,"Formosa","COVISHIELD ChAdOx1nCoV COVID 19",3219,0
2021-03-03,34,"Formosa","Sputnik V COVID19 Instituto Gamaleya",5340,3189
2021-03-03,38,"Jujuy","COVISHIELD ChAdOx1nCoV COVID 19",6578,0
2021-03-03,38,"Jujuy","Sinopharm Vacuna SARSCOV 2 inactivada",319,1
2021-03-03,38,"Jujuy","Sputnik V COVID19 Instituto Gamaleya",12430,5907
2021-03-03,42,"La Pampa","COVISHIELD ChAdOx1nCoV COVID 19",3987,0
2021-03-03,42,"La Pampa","Sinopharm Vacuna SARSCOV 2 inactivada",108,0
2021-03-03,42,"La Pampa","Sputnik V COVID19 Instituto Gamaleya",6735,3615
2021-03-03,46,"La Rioja","COVISHIELD ChAdOx1nCoV COVID 19",3439,2
2021-03-03,46,"La Rioja","Sinopharm Vacuna SARSCOV 2 inactivada",149,0
2021-03-03,46,"La Rioja","Sputnik V COVID19 Instituto Gamaleya",7069,3499
2021-03-03,50,"Mendoza","COVISHIELD ChAdOx1nCoV COVID 19",1392,1
2021-03-03,50,"Mendoza","Sputnik V COVID19 Instituto Gamaleya",19709,10727
2021-03-03,54,"Misiones","COVISHIELD ChAdOx1nCoV COVID 19",10020,22
2021-03-03,54,"Misiones","Sinopharm Vacuna SARSCOV 2 inactivada",115,0
2021-03-03,54,"Misiones","Sputnik V COVID19 Instituto Gamaleya",9962,5208
2021-03-03,58,"Neuquén","COVISHIELD ChAdOx1nCoV COVID 19",5596,0
2021-03-03,58,"Neuquén","Sputnik V COVID19 Instituto Gamaleya",11576,4543
2021-03-03,62,"Río Negro","COVISHIELD ChAdOx1nCoV COVID 19",7700,1
2021-03-03,62,"Río Negro","Sputnik V COVID19 Instituto Gamaleya",12018,5754
2021-03-03,66,"Salta","COVISHIELD ChAdOx1nCoV COVID 19",14067,1
2021-03-03,66,"Salta","Sputnik V COVID19 Instituto Gamaleya",19664,9145
2021-03-03,70,"San Juan","COVISHIELD ChAdOx1nCoV COVID 19",2956,0
2021-03-03,70,"San Juan","Sputnik V COVID19 Instituto Gamaleya",9274,4842
2021-03-03,74,"San Luis","COVISHIELD ChAdOx1nCoV COVID 19",4406,0
2021-03-03,74,"San Luis","Sputnik V COVID19 Instituto Gamaleya",9494,3922
2021-03-03,78,"Santa Cruz","COVISHIELD ChAdOx1nCoV COVID 19",3045,1
2021-03-03,78,"Santa Cruz","Sputnik V COVID19 Instituto Gamaleya",6382,3288
2021-03-03,82,"Santa Fe","COVISHIELD ChAdOx1nCoV COVID 19",12448,11
2021-03-03,82,"Santa Fe","Sputnik V COVID19 Instituto Gamaleya",50315,22555
2021-03-03,86,"Santiago del Estero","COVISHIELD ChAdOx1nCoV COVID 19",6162,0
2021-03-03,86,"Santiago del Estero","Sputnik V COVID19 Instituto Gamaleya",10316,5279
2021-03-03,94,"Tierra del Fuego","COVISHIELD ChAdOx1nCoV COVID 19",642,0
2021-03-03,94,"Tierra del Fuego","Sputnik V COVID19 Instituto Gamaleya",3085,1779
2021-03-03,90,"Tucumán","COVISHIELD ChAdOx1nCoV COVID 19",6648,0
2021-03-03,90,"Tucumán","Sinopharm Vacuna SARSCOV 2 inactivada",207,0
2021-03-03,90,"Tucumán","Sputnik V COVID19 Instituto Gamaleya",20627,10637
2021-03-04,6,"Buenos Aires","COVISHIELD ChAdOx1nCoV COVID 19",78603,0
2021-03-04,6,"Buenos Aires","Sputnik V COVID19 Instituto Gamaleya",246114,115745
2021-03-04,2,"CABA","COVISHIELD ChAdOx1nCoV COVID 19",39853,235
2021-03-04,2,"CABA","Sputnik V COVID19 Instituto Gamaleya",76166,30432
2021-03-04,10,"Catamarca","COVISHIELD ChAdOx1nCoV COVID 19",2658,2
2021-03-04,10,"Catamarca","Sinopharm Vacuna SARSCOV 2 inactivada",190,0
2021-03-04,10,"Catamarca","Sputnik V COVID19 Instituto Gamaleya",6551,3615
2021-03-04,22,"Chaco","COVISHIELD ChAdOx1nCoV COVID 19",8581,11
2021-03-04,22,"Chaco","Sinopharm Vacuna SARSCOV 2 inactivada",399,0
2021-03-04,22,"Chaco","Sputnik V COVID19 Instituto Gamaleya",16945,8098
2021-03-04,26,"Chubut","COVISHIELD ChAdOx1nCoV COVID 19",1872,0
2021-03-04,26,"Chubut","Sinopharm Vacuna SARSCOV 2 inactivada",252,0
2021-03-04,26,"Chubut","Sputnik V COVID19 Instituto Gamaleya",8133,3531
2021-03-04,18,"Corrientes","COVISHIELD ChAdOx1nCoV COVID 19",4239,0
2021-03-04,18,"Corrientes","Sputnik V COVID19 Instituto Gamaleya",14870,7578
2021-03-04,14,"Córdoba","COVISHIELD ChAdOx1nCoV COVID 19",29766,0
2021-03-04,14,"Córdoba","Sinopharm Vacuna SARSCOV 2 inactivada",2592,0
2021-03-04,14,"Córdoba","Sputnik V COVID19 Instituto Gamaleya",51858,24016
2021-03-04,30,"Entre Ríos","COVISHIELD ChAdOx1nCoV COVID 19",4738,1
2021-03-04,30,"Entre Ríos","Sputnik V COVID19 Instituto Gamaleya",19182,10554
2021-03-04,34,"Formosa","COVISHIELD ChAdOx1nCoV COVID 19",4197,0
2021-03-04,34,"Formosa","Sinopharm Vacuna SARSCOV 2 inactivada",1363,0
2021-03-04,34,"Formosa","Sputnik V COVID19 Instituto Gamaleya",8150,3560
2021-03-04,38,"Jujuy","COVISHIELD ChAdOx1nCoV COVID 19",7823,1
2021-03-04,38,"Jujuy","Sinopharm Vacuna SARSCOV 2 inactivada",457,2
2021-03-04,38,"Jujuy","Sputnik V COVID19 Instituto Gamaleya",12431,6283
2021-03-04,42,"La Pampa","COVISHIELD ChAdOx1nCoV COVID 19",4039,0
2021-03-04,42,"La Pampa","Sinopharm Vacuna SARSCOV 2 inactivada",378,0
2021-03-04,42,"La Pampa","Sputnik V COVID19 Instituto Gamaleya",6732,3612
2021-03-04,46,"La Rioja","COVISHIELD ChAdOx1nCoV COVID 19",3861,2
2021-03-04,46,"La Rioja","Sinopharm Vacuna SARSCOV 2 inactivada",550,0
2021-03-04,46,"La Rioja","Sputnik V COVID19 Instituto Gamaleya",7077,3843
2021-03-04,50,"Mendoza","COVISHIELD ChAdOx1nCoV COVID 19",1938,1
2021-03-04,50,"Mendoza","Sputnik V COVID19 Instituto Gamaleya",21536,10985
2021-03-04,54,"Misiones","COVISHIELD ChAdOx1nCoV COVID 19",10768,22
2021-03-04,54,"Misiones","Sinopharm Vacuna SARSCOV 2 inactivada",1779,0
2021-03-04,54,"Misiones","Sputnik V COVID19 Instituto Gamaleya",10250,5229
2021-03-04,58,"Neuquén","COVISHIELD ChAdOx1nCoV COVID 19",5615,0
2021-03-04,58,"Neuquén","Sinopharm Vacuna SARSCOV 2 inactivada",342,0
2021-03-04,58,"Neuquén","Sputnik V COVID19 Instituto Gamaleya",11576,4588
2021-03-04,62,"Río Negro","COVISHIELD ChAdOx1nCoV COVID 19",7799,1
2021-03-04,62,"Río Negro","Sputnik V COVID19 Instituto Gamaleya",12127,5926
2021-03-04,66,"Salta","COVISHIELD ChAdOx1nCoV COVID 19",14629,2
2021-03-04,66,"Salta","Sinopharm Vacuna SARSCOV 2 inactivada",290,0
2021-03-04,66,"Salta","Sputnik V COVID19 Instituto Gamaleya",19800,9203
2021-03-04,70,"San Juan","COVISHIELD ChAdOx1nCoV COVID 19",3018,0
2021-03-04,70,"San Juan","Sinopharm Vacuna SARSCOV 2 inactivada",717,0
2021-03-04,70,"San Juan","Sputnik V COVID19 Instituto Gamaleya",9694,5049
2021-03-04,74,"San Luis","COVISHIELD ChAdOx1nCoV COVID 19",4457,0
2021-03-04,74,"San Luis","Sinopharm Vacuna SARSCOV 2 inactivada",96,0
2021-03-04,74,"San Luis","Sputnik V COVID19 Instituto Gamaleya",9493,4119
2021-03-04,78,"Santa Cruz","COVISHIELD ChAdOx1nCoV COVID 19",3121,1
2021-03-04,78,"Santa Cruz","Sinopharm Vacuna SARSCOV 2 inactivada",145,0
2021-03-04,78,"Santa Cruz","Sputnik V COVID19 Instituto Gamaleya",6401,3358
2021-03-04,82,"Santa Fe","COVISHIELD ChAdOx1nCoV COVID 19",14900,11
2021-03-04,82,"Santa Fe","Sinopharm Vacuna SARSCOV 2 inactivada",412,0
2021-03-04,82,"Santa Fe","Sputnik V COVID19 Instituto Gamaleya",50952,23333
2021-03-04,86,"Santiago del Estero","COVISHIELD ChAdOx1nCoV COVID 19",6238,0
2021-03-04,86,"Santiago del Estero","Sputnik V COVID19 Instituto Gamaleya",10466,5296
2021-03-04,94,"Tierra del Fuego","COVISHIELD ChAdOx1nCoV COVID 19",930,0
2021-03-04,94,"Tierra del Fuego","Sputnik V COVID19 Instituto Gamaleya",3090,1779
2021-03-04,90,"Tucumán","COVISHIELD ChAdOx1nCoV COVID 19",7193,0
2021-03-04,90,"Tucumán","Sinopharm Vacuna SARSCOV 2 inactivada",598,0
2021-03-04,90,"Tucumán","Sputnik V COVID19 Instituto Gamaleya",20705,10742
2021-03-06,6,"Buenos Aires","COVISHIELD ChAdOx1nCoV COVID 19",115963,0
2021-03-06,6,"Buenos Aires","Sinopharm Vacuna SARSCOV 2 inactivada",33884,0
2021-03-06,6,"Buenos Aires","Sputnik V COVID19 Instituto Gamaleya",253811,131725
2021-03-06,2,"CABA","COVISHIELD ChAdOx1nCoV COVID 19",43844,237
2021-03-06,2,"CABA","Sinopharm Vacuna SARSCOV 2 inactivada",3065,14
2021-03-06,2,"CABA","Sputnik V COVID19 Instituto Gamaleya",81078,36488
2021-03-06,10,"Catamarca","COVISHIELD ChAdOx1nCoV COVID 19",2730,2
2021-03-06,10,"Catamarca","Sinopharm Vacuna SARSCOV 2 inactivada",1440,0
2021-03-06,10,"Catamarca","Sputnik V COVID19 Instituto Gamaleya",7072,3824
2021-03-06,22,"Chaco","COVISHIELD ChAdOx1nCoV COVID 19",11154,13
2021-03-06,22,"Chaco","Sinopharm Vacuna SARSCOV 2 inactivada",1362,0
2021-03-06,22,"Chaco","Sputnik V COVID19 Instituto Gamaleya",17503,8278
2021-03-06,26,"Chubut","COVISHIELD ChAdOx1nCoV COVID 19",3492,1
2021-03-06,26,"Chubut","Sinopharm Vacuna SARSCOV 2 inactivada",638,0
2021-03-06,26,"Chubut","Sputnik V COVID19 Instituto Gamaleya",8500,3774
2021-03-06,18,"Corrientes","COVISHIELD ChAdOx1nCoV COVID 19",7056,4
2021-03-06,18,"Corrientes","Sinopharm Vacuna SARSCOV 2 inactivada",135,0
2021-03-06,18,"Corrientes","Sputnik V COVID19 Instituto Gamaleya",15430,7679
2021-03-06,14,"Córdoba","COVISHIELD ChAdOx1nCoV COVID 19",37774,0
2021-03-06,14,"Córdoba","Sinopharm Vacuna SARSCOV 2 inactivada",16937,0
2021-03-06,14,"Córdoba","Sputnik V COVID19 Instituto Gamaleya",52542,24573
2021-03-06,30,"Entre Ríos","COVISHIELD ChAdOx1nCoV COVID 19",7852,0
2021-03-06,30,"Entre Ríos","Sputnik V COVID19 Instituto Gamaleya",19918,10765
2021-03-06,34,"Formosa","COVISHIELD ChAdOx1nCoV COVID 19",4199,0
2021-03-06,34,"Formosa","Sinopharm Vacuna SARSCOV 2 inactivada",1364,0
2021-03-06,34,"Formosa","Sputnik V COVID19 Instituto Gamaleya",8154,3567
2021-03-06,38,"Jujuy","COVISHIELD ChAdOx1nCoV COVID 19",8236,0
2021-03-06,38,"Jujuy","Sinopharm Vacuna SARSCOV 2 inactivada",1084,1
2021-03-06,38,"Jujuy","Sputnik V COVID19 Instituto Gamaleya",13000,6602
2021-03-06,42,"La Pampa","COVISHIELD ChAdOx1nCoV COVID 19",4290,0
2021-03-06,42,"La Pampa","Sinopharm Vacuna SARSCOV 2 inactivada",2620,0
2021-03-06,42,"La Pampa","Sputnik V COVID19 Instituto Gamaleya",6826,3685
2021-03-06,46,"La Rioja","COVISHIELD ChAdOx1nCoV COVID 19",4067,3
2021-03-06,46,"La Rioja","Sinopharm Vacuna SARSCOV 2 inactivada",1041,0
2021-03-06,46,"La Rioja","Sputnik V COVID19 Instituto Gamaleya",7111,4086
2021-03-06,50,"Mendoza","COVISHIELD ChAdOx1nCoV COVID 19",4319,1
2021-03-06,50,"Mendoza","Sinopharm Vacuna SARSCOV 2 inactivada",1,0
2021-03-06,50,"Mendoza","Sputnik V COVID19 Instituto Gamaleya",25372,11700
2021-03-06,0,"Ministerio de Salud de la Nación","Sinopharm Vacuna SARSCOV 2 inactivada",1,0
2021-03-06,54,"Misiones","COVISHIELD ChAdOx1nCoV COVID 19",12344,23
2021-03-06,54,"Misiones","Sinopharm Vacuna SARSCOV 2 inactivada",5065,2
2021-03-06,54,"Misiones","Sputnik V COVID19 Instituto Gamaleya",10741,5239
2021-03-06,58,"Neuquén","COVISHIELD ChAdOx1nCoV COVID 19",5816,0
2021-03-06,58,"Neuquén","Sinopharm Vacuna SARSCOV 2 inactivada",2616,0
2021-03-06,58,"Neuquén","Sputnik V COVID19 Instituto Gamaleya",11578,4683
2021-03-06,62,"Río Negro","COVISHIELD ChAdOx1nCoV COVID 19",8044,0
2021-03-06,62,"Río Negro","Sinopharm Vacuna SARSCOV 2 inactivada",1105,0
2021-03-06,62,"Río Negro","Sputnik V COVID19 Instituto Gamaleya",12510,5933
2021-03-06,66,"Salta","COVISHIELD ChAdOx1nCoV COVID 19",15753,0
2021-03-06,66,"Salta","Sinopharm Vacuna SARSCOV 2 inactivada",3409,0
2021-03-06,66,"Salta","Sputnik V COVID19 Instituto Gamaleya",20113,9317
2021-03-06,70,"San Juan","COVISHIELD ChAdOx1nCoV COVID 19",4990,0
2021-03-06,70,"San Juan","Sinopharm Vacuna SARSCOV 2 inactivada",2657,0
2021-03-06,70,"San Juan","Sputnik V COVID19 Instituto Gamaleya",10698,5266
2021-03-06,74,"San Luis","COVISHIELD ChAdOx1nCoV COVID 19",4791,0
2021-03-06,74,"San Luis","Sinopharm Vacuna SARSCOV 2 inactivada",2389,0
2021-03-06,74,"San Luis","Sputnik V COVID19 Instituto Gamaleya",9517,4471
2021-03-06,78,"Santa Cruz","COVISHIELD ChAdOx1nCoV COVID 19",3328,1
2021-03-06,78,"Santa Cruz","Sinopharm Vacuna SARSCOV 2 inactivada",668,0
2021-03-06,78,"Santa Cruz","Sputnik V COVID19 Instituto Gamaleya",6497,3600
2021-03-06,82,"Santa Fe","COVISHIELD ChAdOx1nCoV COVID 19",20885,14
2021-03-06,82,"Santa Fe","Sinopharm Vacuna SARSCOV 2 inactivada",3384,0
2021-03-06,82,"Santa Fe","Sputnik V COVID19 Instituto Gamaleya",52916,25001
2021-03-06,86,"Santiago del Estero","COVISHIELD ChAdOx1nCoV COVID 19",9137,0
2021-03-06,86,"Santiago del Estero","Sinopharm Vacuna SARSCOV 2 inactivada",2704,0
2021-03-06,86,"Santiago del Estero","Sputnik V COVID19 Instituto Gamaleya",11203,5568
2021-03-06,94,"Tierra del Fuego","COVISHIELD ChAdOx1nCoV COVID 19",1277,0
2021-03-06,94,"Tierra del Fuego","Sinopharm Vacuna SARSCOV 2 inactivada",79,0
2021-03-06,94,"Tierra del Fuego","Sputnik V COVID19 Instituto Gamaleya",3092,1779
2021-03-06,90,"Tucumán","COVISHIELD ChAdOx1nCoV COVID 19",15072,0
2021-03-06,90,"Tucumán","Sinopharm Vacuna SARSCOV 2 inactivada",3024,0
2021-03-06,90,"Tucumán","Sputnik V COVID19 Instituto Gamaleya",21095,11229
